,Dare_Endoderm,Dare_Epidermal,Dare_Germline,Dare_Mesoderm,Dare_Neural Anterior,Dare_Neural Crest,Dare_Neural Mid,Dare_Neural Posterior,Neve_NPC,Neve_cnidocyte,Neve_cnidocyte.mature,Neve_ectoderm.embryonic,Neve_ectoderm.epidermis,Neve_ectoderm.pharyngeal,Neve_gastrodermis,Neve_gland.mucous,Neve_mesendoderm.embryonic,Neve_neuronal,Neve_retractor muscle,Neve_secretory,"Auco_CN, Cnidocytes/Nematocyte cell","Auco_EM, Epidermal/Muscle cell","Auco_GA, Gastrodermal cell","Auco_GL, Gland cell","Auco_HA, Hair cell","Auco_NE, Neural cell","Auco_SG, Stem/Germline cell",Clhe_Bioluminescent Cells,Clhe_Epidermal/Muscle,Clhe_Gastroderm,Clhe_Gland Cell,Clhe_Nematocyte,Clhe_Neural,Clhe_Stem Cell/Germ Cell,TrH1_epithelia,TrH1_epithelia_gland_like,TrH1_fibre,TrH1_gland,TrH1_lipophil,TrH1_meiotic,TrH1_peptidergic,TrH1_trans,TrH2_epithelia,TrH2_epithelia_gland_like,TrH2_fibre,TrH2_gland,TrH2_lipophil,TrH2_meiotic,TrH2_peptidergic,TrH2_trans,TrH2_unknown_1,HoH13_epithelia,HoH13_epithelia_gland_like,HoH13_fibre,HoH13_gland,HoH13_lipophil,HoH13_peptidergic,HoH13_trans,HoH13_unknown_1,ClH23_epithelia,ClH23_epithelia_gland_like,ClH23_fibre,ClH23_gland,ClH23_lipophil,ClH23_peptidergic,ClH23_trans,ClH23_unknown_1,Spla_Amoeboid-Neuroid,Spla_Archeocytes and relatives,Spla_Endymocytes,Spla_Peptidocytes,Spla_transitional
Dare_Endoderm,0.0,0.0,0.0,0.0,0.0,0.0,0.0,0.0,0.055474133393932853,0.02669471921076465,0.0,0.003130165186715498,0.08062145338442235,0.06691666643727984,0.2069366881561882,0.0016677765035369237,0.0003044297628511518,0.031034903361129674,0.003338098138877075,0.023457259408767868,0.03705549158612919,0.291432880447154,0.0795503872080491,0.019919546313044965,0.004280136212684956,0.04973752275525176,0.007223718939875068,0.002013946558392107,0.05298068136873326,0.15937871235523193,0.005403343803484223,0.08772714962723255,0.008495587810132755,0.14033403647221426,0.1626597952647339,0.02917170061860417,0.0247731963492228,0.13346769122744587,0.00457946069376759,0.0,0.01717402491352026,0.09059734243997282,0.07529760086821165,0.03233791016933231,0.22188894762571723,0.043127985372389266,0.015705764285472813,0.0005728385618711439,0.002975840534529283,0.05925787081654775,5.4754813278768194e-05,0.045261790347144074,0.06616108664052262,0.07350443123062292,0.17068840900500212,0.0026333397958765606,0.008332254726359598,0.0753103806886618,0.0011627138114599495,0.10110685345723076,0.07814687873262299,0.026060875256449394,0.16130955596367474,0.0018515863104000823,0.004568284349786111,0.09631778159473472,0.0,0.0007445215527525424,0.08195465541471925,0.0075168160933336585,0.013931622913140502,0.39818551776185507
Dare_Epidermal,0.0,0.0,0.0,0.0,0.0,0.0,0.0,0.0,0.027367504877354197,0.01939161514827443,0.005150091640189873,0.053592427320102456,0.07116269011063867,0.03653677212464684,0.3631897631670403,0.040641273451113714,0.0044505282209178765,0.0181110345359679,0.007408084532556087,0.05172573610251091,0.03333403010745487,0.27470467108223173,0.19752839139127815,0.0446257215570961,0.011269235789719736,0.042718017897886894,0.015977095005478597,0.01330292618275462,0.040004057951936824,0.2695723546974168,0.07773935450751625,0.045522936024232005,0.01262931992018595,0.0764380926649445,0.07703782575856351,0.015536996707686618,0.20542556649363944,0.124397559836311,0.4753349415659199,0.0014139991022946797,0.015732998494081107,0.12086775885726661,0.05685637007165993,0.011213543829983522,0.10580353653410571,0.14580954714451957,0.4365707792431913,0.0015520395114423727,0.00831017175694821,0.12520613618510124,0.0013169975542300582,0.047617306668037415,0.030319964861571326,0.3361929311915293,0.10494006747098764,0.42372103454903287,0.011123348414264086,0.06768854422432138,0.0009319011204634,0.10376817569718817,0.028726736568497314,0.21044311470775484,0.09473211751850309,0.4016492778699668,0.0037227419327067078,0.13737624518287225,0.0006068126572817808,0.007393130928905585,0.03170170517497108,0.02688103115523343,0.030638010566349638,0.39164829159556
Dare_Germline,0.0,0.0,0.0,0.0,0.0,0.0,0.0,0.0,0.0,0.00143267111584488,0.0,0.0,0.031419622376390746,0.013006660334628098,0.14931480933572686,0.0029693828705264595,0.0,0.0,0.0,0.004273999731597934,0.002078834185660636,0.13459545211881405,0.03463170112142986,0.0028156909422979684,0.004785807419320073,0.016290978266629542,0.0,0.0007935567318950943,0.03134770224391831,0.05460410692571349,0.0,0.04562584854848021,0.0,0.06238359342300144,0.04014385384844614,0.009890633998884976,0.0,0.020005333644411094,0.0,0.0,0.006535059700361395,0.01755793431863533,0.021596588200376,0.0,0.06554148777484019,0.006542542714098256,0.0018020683289203445,0.0,0.002411200945332416,0.006821485427692326,0.0,0.00696967930083917,0.0033321722667774287,0.017563790939885714,0.031634401141027724,0.0,0.004490997763570307,0.05513278364961671,0.0,0.022629102950222447,0.009812386115827085,0.00160518852546208,0.03153013201336948,0.0,0.0,0.06551551434229078,0.0,0.0,0.0020506839528014378,0.0,0.0,0.1580957164236016
Dare_Mesoderm,0.0,0.0,0.0,0.0,0.0,0.0,0.0,0.0,0.022155717349913596,0.17641569135757676,0.007472514154458898,0.09017254884137421,0.044891122603006386,0.1499267757794202,0.3764502032135564,0.1423754091723447,0.04449868849400631,0.010171958161475073,0.6085372482470557,0.11138713881094364,0.10109248020512336,0.3690084717183585,0.25548011958816624,0.0519395194452987,0.01621092944704423,0.06222340731259214,0.04148688153034584,0.016736792775754343,0.23473177670557716,0.3700765330391588,0.3910347018818775,0.046528523794629136,0.021686222933188552,0.054254471677409266,0.10739974019785552,0.10274338761730088,0.18071016286233016,0.5264271537335424,0.034005501521141346,0.002480954335943636,0.013054202299421096,0.11222208333882915,0.08934301264217112,0.5036823372444001,0.20614236757785945,0.46918253983257063,0.04831458485287293,0.004415488128269191,0.11065730239455929,0.1374586511088906,0.008681235402778341,0.13578377480370937,0.03756723570156109,0.14090555633021096,0.5508242021760672,0.08048991154879397,0.004267095205203445,0.2116919144583275,0.020045419249998062,0.23227659314245827,0.06237206034886866,0.2667571563959124,0.38560618658846313,0.1014036701073554,0.0026616155379883236,0.22915559606690777,0.004007291620717261,0.036587808727635146,0.04079992876371076,0.15052822047177533,0.2172773573984895,0.2599930565527901
Dare_Neural Anterior,0.0,0.0,0.0,0.0,0.0,0.0,0.0,0.0,0.45838567047852213,0.09258632122097518,0.024901165205141424,0.09153025481977888,0.1179661378864744,0.15839345784819497,0.020445193386126437,0.07090701234098508,0.013628399997021742,0.12950981892245125,0.014417556160809687,0.09171030471326455,0.075974009052198,0.2999446540471107,0.055711008420303486,0.10230166229727844,0.15001660385933796,0.09975483436248167,0.16059919612704726,0.031162623567041553,0.08877101501377702,0.07615992354517172,0.03243100294967156,0.11409160824262847,0.18463751890929317,0.3858461605140381,0.38371615677887805,0.1762182025899882,0.08825874863357705,0.037863023363353794,0.03952457925604725,0.02572209379719312,0.12308497710253823,0.11966743758147272,0.12807167348303128,0.02326116803666218,0.4684627557112114,0.005003756266758004,0.05279019510409434,0.14402387248297216,0.06783855500019073,0.04847790170356625,0.08358071937359299,0.1735400181626699,0.2769080318683209,0.005158327976118679,0.13771306467729166,0.014333060531425199,0.09457117589497735,0.05722951768556811,0.07520603986089963,0.17048959816121814,0.3124368655137844,0.007451612384750075,0.11179589017975175,0.017603424623352106,0.09385536226747457,0.06455636248063071,0.025346640426287897,0.11697818738798893,0.4920707496936859,0.06788313876001076,0.06241554214291053,0.39009710391854696
Dare_Neural Crest,0.0,0.0,0.0,0.0,0.0,0.0,0.0,0.0,0.1542895690019101,0.04925616996710251,7.911678180194037e-05,0.021246387996379335,0.14455521578422253,0.05635696900042162,0.15560252430335017,0.002238837113901625,0.00031477723684651833,0.003922883659688717,0.003037428714759759,0.017149313691093893,0.06611220271119929,0.32681721676652126,0.08116651058022786,0.012336089997232017,0.0032126008519931743,0.023657181300486142,0.01904191445921883,0.003722876206860797,0.07346008757058954,0.1677005544063101,0.011761898255663447,0.07548088290271766,0.013113736133587189,0.1959230064031589,0.22909182544882722,0.025670961305340294,0.03806181713472956,0.07358434692441462,0.02646623393147309,5.5079536545769286e-05,0.0071317575337094905,0.09550117470283637,0.05333201942618891,0.015262834563279459,0.3301149807942134,0.018102290594897368,0.052987388055070916,0.00033823386859241925,0.0006364161861291124,0.040079244042506,0.0004061406075372352,0.05734260968620316,0.14175192553868143,0.026893221644253906,0.12675862540080846,0.019741932246301688,0.0081377773115032,0.058504327415188476,0.00044185838716131944,0.08518771828864871,0.19194483919567837,0.008918186711233806,0.12371827207973592,0.009535508716448418,0.00111953951755658,0.06679568728477481,0.0007525091222906264,0.00796507347959712,0.1613396493260926,0.0002748010836835331,0.013775922020627865,0.47892178079067993
Dare_Neural Mid,0.0,0.0,0.0,0.0,0.0,0.0,0.0,0.0,0.445605280859546,0.03669154313545322,0.019796166734756347,0.055698558411242736,0.07289104948507608,0.11640384324917845,0.0073947242129597645,0.02698839848069618,0.004827748621922232,0.03376891165419267,0.008591770565000486,0.06133056345524148,0.06064032928588849,0.2675826370090967,0.0493442368842375,0.09543349819963294,0.04154883202513475,0.05810078127944688,0.22016644771270805,0.019759093514966793,0.06755771518221826,0.04494497523193086,0.024176983116991676,0.08688558573326186,0.15063097234960404,0.3524159287298844,0.4495099704534196,0.14471302840153305,0.03036617279864622,0.05169663674317684,0.009573806672459604,0.06449113496445627,0.054313499575978266,0.0624625724427746,0.2069026862933153,0.021667740566384465,0.36386116648575845,0.006648121807749564,0.023113583708679473,0.05947198515419423,0.03311841807131475,0.06492862114392511,0.010427807310077286,0.2574138456196214,0.24836104398484848,0.0037082807089708785,0.13971645776798472,0.005359812797124901,0.0442011823455562,0.030859070479904015,0.025700602095536894,0.29559140688825497,0.24335889466826108,0.005033853483070247,0.10796967018266883,0.0071629322100164265,0.04528342729927431,0.03823703567011881,0.002710666839801579,0.08138280589938464,0.29001180183145253,0.01470678416253821,0.01768555013885017,0.4943469079996288
Dare_Neural Posterior,0.0,0.0,0.0,0.0,0.0,0.0,0.0,0.0,0.2729140400236155,0.039600615601422334,0.11778319291430854,0.1365695926402542,0.1549333214125625,0.3008892661222933,0.026994073955596876,0.10339428709794948,0.017178181884789662,0.5536514660419708,0.012218417432837294,0.19713779455389008,0.03219537436908678,0.1556471742732304,0.10013483176930749,0.21671701140917915,0.25461381427731905,0.2613953402468027,0.2553796938272036,0.018506841746708472,0.10874195180792752,0.05148028343843895,0.059769874915716684,0.2230844509219771,0.2440448112446855,0.2229219643234545,0.33506939644002626,0.16343664840653166,0.014877278631964263,0.04301838439776125,0.005817230516099319,0.2744429980872915,0.23886655800978235,0.13643110238999243,0.25601721438781705,0.08077998739735479,0.15838170205851362,0.012473369386284652,0.010092325299002619,0.2023165447220348,0.2100620222138907,0.171413211377838,0.09063977114549251,0.2702758599028871,0.18271130351731268,0.002578513222938938,0.09366766858617874,0.005560885866325087,0.22419122601932134,0.12716654484295478,0.04404340718327311,0.2949532182910377,0.2040164240705249,0.00696012297644501,0.07313685255526181,0.008485049113648623,0.2671768846520311,0.06994238064577038,0.09673493527279237,0.2863450700776624,0.039866300107791706,0.39622613275209345,0.423051864020248,0.42309122152078943
Neve_NPC,0.055474133393932853,0.027367504877354197,0.0,0.022155717349913596,0.45838567047852213,0.1542895690019101,0.445605280859546,0.2729140400236155,0.0,0.0,0.0,0.0,0.0,0.0,0.0,0.0,0.0,0.0,0.0,0.0,0.0911568797557841,0.16679921070660095,0.03537112835314797,0.02678657072328357,0.011792393823112871,0.1307624141382552,0.3377216136663105,0.009005721559625807,0.034672238335405406,0.04207536410380257,0.021195121807297934,0.03851908605417094,0.261836939508637,0.3636592535587376,0.4288341836111195,0.20594852911954398,0.15131925195413948,0.03389754339502228,0.026945900282580044,0.004581312149828081,0.016057257707034388,0.055973470993724884,0.2795834262775102,0.020082282028502034,0.4104637702984344,0.004421260388229043,0.02878631245045309,0.0020071385162910367,0.016596089027666145,0.06371050807023482,0.03330166170293124,0.2958789463212586,0.280891040775451,0.00582517713689666,0.16141524810882601,0.030063076809312833,0.03588170496217135,0.03905735541001274,0.04451539018962544,0.2747113531201482,0.3584018389755826,0.004682342465498861,0.13266138986126585,0.02883489554568962,0.015200941712897145,0.04268698451252208,0.04582844874878684,0.10856578569865649,0.2793946303538729,0.003359484555834518,0.10182992272329228,0.3964027321936665
Neve_cnidocyte,0.02669471921076465,0.01939161514827443,0.00143267111584488,0.17641569135757676,0.09258632122097518,0.04925616996710251,0.03669154313545322,0.039600615601422334,0.0,0.0,0.0,0.0,0.0,0.0,0.0,0.0,0.0,0.0,0.0,0.0,0.7591714147673663,0.011832067099223324,0.0013878318898040269,0.0038682770000076847,0.02502536775153274,0.010458180770465248,0.003476651128184123,0.034064771432288574,0.013146371603496885,0.00820395264404251,0.002035104542184423,0.6516835292789837,0.011329591538703531,0.08407464495179374,0.05656497245399892,0.0030346388721987755,0.04059409097753898,0.0049712088814878866,0.012722755992452003,0.0,0.011719996630910924,0.03922969005162115,0.015183050277187096,0.0005972597397530464,0.15131194164521772,0.0008307578944141012,0.018420406768848742,9.990363370882956e-05,0.00029851741520350487,0.0012675541081240817,1.5262101458482346e-05,0.1111594807368057,0.04751723049171096,0.001611605113440409,0.030634882675665075,0.006857794807564444,0.03939666757210877,0.005567322822733619,0.003611239673385238,0.024086004898907894,0.07950703294218749,0.002108538064990773,0.05382851806414862,0.00507902507401538,0.001508801998294441,0.006606923864371448,0.0,0.02718414834527077,0.34195797661045646,0.0003413222787677896,0.0028805875066257197,0.19251251480812356
Neve_cnidocyte.mature,0.0,0.005150091640189873,0.0,0.007472514154458898,0.024901165205141424,7.911678180194037e-05,0.019796166734756347,0.11778319291430854,0.0,0.0,0.0,0.0,0.0,0.0,0.0,0.0,0.0,0.0,0.0,0.0,0.05336420806458499,0.02294952016994508,0.010406405468813327,0.002719387285685089,0.3484069694482645,0.009865233071872948,0.0028148011372938356,0.00036182581028196785,0.014036033120289773,0.010505280831344782,0.0010166356743118807,0.2611170687302589,0.045339424749234136,0.008760284755184766,0.09045310962915759,0.00026283614863033093,0.0,0.0015022414427302597,0.0024170729853694407,0.003157847287550588,0.025905398971249233,0.009616640852773386,0.0979259019675424,0.0018348838811847695,0.009728474616933758,0.00043577587645009664,0.002837827917112978,0.010167159232603685,0.01604054856675726,0.0017525913340685432,0.0,0.06781011528304302,0.002733718846089562,0.00015279759204302532,0.002441798058385126,0.0023821312537504126,0.027480799908084986,0.03645907991721069,0.0,0.09530292878002287,0.014080353808079843,0.0,0.00425929756471225,0.0017283646145882666,0.011056436117100067,0.0053073543052474595,0.0,0.0010484757159092378,0.004215186087592025,0.009034527539066164,0.07685135615767053,0.01909697614120716
Neve_ectoderm.embryonic,0.003130165186715498,0.053592427320102456,0.0,0.09017254884137421,0.09153025481977888,0.021246387996379335,0.055698558411242736,0.1365695926402542,0.0,0.0,0.0,0.0,0.0,0.0,0.0,0.0,0.0,0.0,0.0,0.0,0.020416210583093383,0.2845673295853549,0.09118748382266442,0.011270792557617223,0.024695125495895746,0.05137146102420167,0.04063463234590829,0.00382805795921373,0.15121735970521546,0.1305160649589857,0.03517188695980593,0.03750006469508419,0.03997744021710578,0.1236492168530132,0.19955743959151606,0.020131980154090297,0.026013905014878803,0.044124184048429285,0.11419211532704998,0.00024521209336188064,0.023627336800754566,0.05526955370905755,0.1705190198685377,0.010831590068633545,0.13247609893059747,0.01898875321561059,0.11504039517235387,0.004377458602912095,0.006525657487276289,0.030456597640646944,0.007680855710756049,0.1566439638470838,0.060487786015896196,0.021547868525031707,0.06291115611417909,0.11525336512905027,0.010961045685510309,0.048389822242388025,0.0028618955496015883,0.11262277492850155,0.15608739165776078,0.015299341504432133,0.07476906374761984,0.0921791858931911,0.00930250620039384,0.055534913439180475,0.005304003308636735,0.0014214214077329615,0.024057655585690448,0.02043692312538895,0.12610653665762242,0.2522767058266406
Neve_ectoderm.epidermis,0.08062145338442235,0.07116269011063867,0.031419622376390746,0.044891122603006386,0.1179661378864744,0.14455521578422253,0.07289104948507608,0.1549333214125625,0.0,0.0,0.0,0.0,0.0,0.0,0.0,0.0,0.0,0.0,0.0,0.0,0.013472624292326393,0.30370836390340383,0.057733496049848454,0.018226993913217554,0.11267612670374308,0.034247822857940924,0.03849685659081835,0.02013953660329023,0.27603263333885847,0.07334080749433727,0.051759462699119366,0.023638513022553338,0.04782621023303896,0.12180871051152849,0.18035611520012967,0.03775269716051195,0.020059437469999407,0.024453597350876266,0.46827553340011485,0.0012308205505179412,0.01517316786064023,0.10808603331086881,0.16261730964680127,0.009882641022225486,0.11224138969262878,0.005073922005725101,0.43745461405073727,0.0017389305966512276,0.02551068371895173,0.04977265166942045,0.07323770462755361,0.12878933508162305,0.08848921667260835,0.004665140632022067,0.04442123233189084,0.438608664875634,0.004683400723026167,0.09979218888068207,0.08204762150878137,0.1263756960909489,0.1129840731661859,0.004557207528744852,0.05239368494040826,0.4107467624077433,0.003942326399366918,0.18811421940284753,0.07784940610840543,0.025255650416345428,0.03770780024936243,0.010446861962351154,0.14325275511206276,0.3485477513804863
Neve_ectoderm.pharyngeal,0.06691666643727984,0.03653677212464684,0.013006660334628098,0.1499267757794202,0.15839345784819497,0.05635696900042162,0.11640384324917845,0.3008892661222933,0.0,0.0,0.0,0.0,0.0,0.0,0.0,0.0,0.0,0.0,0.0,0.0,0.01176370138765217,0.29473454116989883,0.1481586663807507,0.04724823199775114,0.14726227775606346,0.028948973869267897,0.0850964078592789,0.04287952150033784,0.14543986051464278,0.08258541971268096,0.024909143505797673,0.01892250931947487,0.14815370377889334,0.2225908981856925,0.5108280638399038,0.2609952811991293,0.023572994259260037,0.04358683530388329,0.03676812442772715,0.00857832630881058,0.027109967601867836,0.1786891984559492,0.413639162348156,0.0656482645058233,0.1361483351129165,0.011403268239224058,0.050629153068591934,0.009500033461042457,0.11348387083523907,0.2510953377404654,0.17370698215884123,0.3868271685318728,0.31233666410686495,0.011593527929228433,0.0676556178381222,0.026405385099957372,0.0114114297404659,0.19163661891029443,0.08121867671172331,0.417776086632922,0.23121985797833178,0.014143056773315427,0.07542820838862199,0.04562737981972467,0.014175615211257106,0.07959749687029063,0.16592988615254686,0.06987043825539123,0.0921409054923842,0.02043015582412782,0.3544000216573129,0.32827190852282556
Neve_gastrodermis,0.2069366881561882,0.3631897631670403,0.14931480933572686,0.3764502032135564,0.020445193386126437,0.15560252430335017,0.0073947242129597645,0.026994073955596876,0.0,0.0,0.0,0.0,0.0,0.0,0.0,0.0,0.0,0.0,0.0,0.0,0.005129903320700072,0.4613896235244427,0.26668985832942455,0.021914605350120075,0.011625599461903332,0.027823032539509775,0.04983048779226015,0.02862032861933707,0.02919251341517835,0.6162244393576753,0.026843813252713445,0.015643733146762623,0.010412421642281778,0.043128397931196175,0.0831530986973748,0.02222596051885687,0.41905338864299885,0.11509999138798402,0.004194183434748767,0.0003825778734477453,0.005308726965960548,0.073383134118331,0.047763847678045375,0.003915706731888655,0.2976651856153206,0.3221953163739594,0.004061577565086913,0.0018793669249473157,0.004293915610005182,0.1923023414451052,0.004284715034798237,0.03240229653439977,0.02481813504753757,0.5751962134163289,0.025338382652694936,0.0021983201708100763,0.0015291981612033617,0.08063680111987108,0.0002167292744163014,0.04637794870768046,0.05805981416845327,0.5661708507470895,0.050600994232062727,0.00198575084996755,0.00137124129305868,0.12670374139122875,0.004122436695716636,0.032993804254122364,0.03036557470857536,0.08791666744116138,0.15991555487968245,0.4322952812302782
Neve_gland.mucous,0.0016677765035369237,0.040641273451113714,0.0029693828705264595,0.1423754091723447,0.07090701234098508,0.002238837113901625,0.02698839848069618,0.10339428709794948,0.0,0.0,0.0,0.0,0.0,0.0,0.0,0.0,0.0,0.0,0.0,0.0,0.0017069349524020446,0.03424054304095162,0.0017159457902692211,0.08435294113965401,0.011600865369550368,0.6200293183662113,0.012768025225032262,0.00461501096019188,0.006076380027941758,0.022296303992103965,0.008314570551785291,0.015793805990260618,0.5789833214407918,0.06850571400716873,0.09882957232432532,0.010885276274561715,0.03736617586692886,0.0123104358915475,0.008400926149380197,0.0,0.12858949748593554,0.021560997599866218,0.07293415576652933,0.0001820714946101451,0.08632866665679442,0.0016729884035090487,0.010491479506428742,0.0006242733938610543,0.21053400690123386,0.0051480167499922515,9.534855672621837e-05,0.06922681130583636,0.03230231321660272,0.0010339152421124076,0.02460840009610422,0.007994502808504653,0.3201532464830814,0.031210226337879267,0.000257647363867678,0.07807371061208399,0.03665156534901116,0.0007710414983473087,0.008112587167294013,0.007939715910910928,0.11578989300475032,0.029474638343951885,4.8372533378632735e-05,0.00027101392787242073,0.020714924484829603,0.003794290519333856,0.008650793024047223,0.2682501637342167
Neve_mesendoderm.embryonic,0.0003044297628511518,0.0044505282209178765,0.0,0.04449868849400631,0.013628399997021742,0.00031477723684651833,0.004827748621922232,0.017178181884789662,0.0,0.0,0.0,0.0,0.0,0.0,0.0,0.0,0.0,0.0,0.0,0.0,0.0,0.10784247244979187,0.3365075635720252,0.000272761707550439,0.0,0.00044890721835307327,0.0008768313107493195,0.0,0.035049777239613986,0.07775066284848392,0.006245899080586403,0.0,0.004056753072675836,0.0026511989362175675,0.03123953409251899,0.0006666591486821967,0.003055791624502596,0.0031472351383344346,0.00023851019831334832,0.0,0.002256736687411456,0.004609065107296602,0.011225440093373402,0.0007270150494451289,0.062132263065896975,0.005240492981143263,0.00019821915197561655,0.0009702373308061229,0.000160107998235653,0.0029126317353208113,0.0,0.019237612570337397,0.000254536562126243,0.004018995968976183,0.005607916026185053,0.0,0.007670125056444639,0.001674173583209564,0.0,0.01604273471038522,0.027714196596657265,0.0035787242260605923,0.008094442132717518,0.0,0.0004135829647272164,0.0008686106718036098,0.0,0.0003233235808934642,0.006388951418442622,0.07263954451395747,0.22754431786478513,0.03703205796776017
Neve_neuronal,0.031034903361129674,0.0181110345359679,0.0,0.010171958161475073,0.12950981892245125,0.003922883659688717,0.03376891165419267,0.5536514660419708,0.0,0.0,0.0,0.0,0.0,0.0,0.0,0.0,0.0,0.0,0.0,0.0,0.00422649117282493,0.05098919371819096,0.012509194578318525,0.01646886216996802,0.1712107296701045,0.5812111957773607,0.07574638671405495,0.007778668942873807,0.02009860377654126,0.01394797317211218,0.015210699591689535,0.32989220321346224,0.23806680025824395,0.0701928943225607,0.16276508937822418,0.007366526512774807,0.010576791508006795,0.01134341400957102,0.0035762329958295555,0.26449942683080113,0.44299454996622173,0.0506851438515263,0.19277573920431945,0.003315068492623797,0.12546301268826043,0.0020292041170528554,0.0022927850964551337,0.3895318255453635,0.3034110556374193,0.010070803550940867,0.05835927016423712,0.20909276069824725,0.03206875055621839,0.001978925952270153,0.024608851674573284,0.0030762170102291253,0.3694681029412082,0.08622262347083656,0.011967213592724676,0.21259009080431118,0.03601171969843732,0.0014571710775768115,0.01877378639059637,0.001148254962395906,0.3821195048485171,0.030971771365592298,0.002978533070960553,0.19644727656023137,0.05505091714981856,0.33159577810185625,0.11813018546835663,0.21351686303395087
Neve_retractor muscle,0.003338098138877075,0.007408084532556087,0.0,0.6085372482470557,0.014417556160809687,0.003037428714759759,0.008591770565000486,0.012218417432837294,0.0,0.0,0.0,0.0,0.0,0.0,0.0,0.0,0.0,0.0,0.0,0.0,0.00046660513930602,0.7862766229668807,0.0011413172715317398,0.008266364828812895,0.003274490361094443,0.02070546538749949,0.00986657972538944,0.0002720471728747154,0.821141984457465,0.0057740660494847475,0.0016858641971481281,0.0037602511616393872,0.002215130708221509,0.006850154674119406,0.10827398586809975,0.0039329245205967575,0.018360982122389145,0.004435895592829671,0.03226699829318707,0.0,0.007322415928341078,0.021182498977004065,0.13953797154849204,0.00035347655158389084,0.055007063706299666,0.02334566382357508,0.022173817809802224,0.0019951695151658724,0.01679080741893168,0.019390026347119053,4.7530415246288635e-05,0.09757528681181972,0.042768636456379835,0.02136312086237484,0.009488967074428688,0.012009766927714802,0.0014773055821708614,0.03144869294738536,0.0021578581840302462,0.2322570757432189,0.013957899869381993,0.009987679651846925,0.0048427789299662904,0.0024513385239517856,0.0008457005358253541,0.018125362876833688,0.0002627397835864718,0.00621022866416703,0.009083865137953954,0.052623506016702494,0.006892546452358988,0.5181399745659282
Neve_secretory,0.023457259408767868,0.05172573610251091,0.004273999731597934,0.11138713881094364,0.09171030471326455,0.017149313691093893,0.06133056345524148,0.19713779455389008,0.0,0.0,0.0,0.0,0.0,0.0,0.0,0.0,0.0,0.0,0.0,0.0,0.01245452083467664,0.06684737577304634,0.1086133748777933,0.4737077610955594,0.008191120019744074,0.09982217406123356,0.1404280329674985,0.005573133392166035,0.03330869708080718,0.023999712533130567,0.6411356935799922,0.0382119814504447,0.14013221758923708,0.05780375737192589,0.08007730204075428,0.10633204594946818,0.0056232945869164105,0.5877091320012314,0.004462973330801529,0.11119473990347876,0.23969482313248233,0.12036280017850878,0.07940642099739212,0.5860539305401211,0.05602073638120473,0.37724647459680977,0.005595603579618915,0.10444483065728671,0.20586079519770636,0.0861991351754107,0.020748988317602874,0.07962753391798202,0.019184053460083738,0.0016835333143729533,0.5821439341265592,0.004498080653465928,0.25322229407018787,0.09942630756032492,0.012430214999695396,0.08177067550479566,0.05075539738469733,0.0008250573657445513,0.48396251954257136,0.0032516661739914986,0.2498172906778091,0.10338153414010458,0.009890327566010092,0.014364290137603564,0.04578400776742776,0.0431453762106131,0.02843169558744902,0.20631353085665358
"Auco_CN, Cnidocytes/Nematocyte cell",0.03705549158612919,0.03333403010745487,0.002078834185660636,0.10109248020512336,0.075974009052198,0.06611220271119929,0.06064032928588849,0.03219537436908678,0.0911568797557841,0.7591714147673663,0.05336420806458499,0.020416210583093383,0.013472624292326393,0.01176370138765217,0.005129903320700072,0.0017069349524020446,0.0,0.00422649117282493,0.00046660513930602,0.01245452083467664,0.0,0.0,0.0,0.0,0.0,0.0,0.0,0.0571359234235909,0.02787009871566411,0.006576497074163861,0.00650790974635351,0.6613995065531413,0.01719655446157215,0.1300049720780146,0.06152004838015197,0.014291491493478687,0.07574989845674843,0.002543322274558119,0.0012001744900978595,0.0006816713064904212,0.06857912319458345,0.008265626834611382,0.017712042506230142,0.000537977386296856,0.1675164259327742,0.0034156274631831204,0.008647891867658911,0.03673626374003079,0.015901100403839866,0.0013563106609650985,0.020752849647733992,0.09712433693920983,0.024011235230274822,0.001216108600102965,0.013816080423992311,0.0012978143330956006,0.15151620898281642,0.002527086432683617,0.006492766618530833,0.034657389151411866,0.08369521348804873,0.011173424677881703,0.020402454549604803,0.0013626668923064295,0.06084187032548695,0.0018316510433851751,0.002434628042977573,0.03137480163990333,0.30594781723087344,0.0011593078734281254,0.0030779367546418905,0.1706916176026481
"Auco_EM, Epidermal/Muscle cell",0.291432880447154,0.27470467108223173,0.13459545211881405,0.3690084717183585,0.2999446540471107,0.32681721676652126,0.2675826370090967,0.1556471742732304,0.16679921070660095,0.011832067099223324,0.02294952016994508,0.2845673295853549,0.30370836390340383,0.29473454116989883,0.4613896235244427,0.03424054304095162,0.10784247244979187,0.05098919371819096,0.7862766229668807,0.06684737577304634,0.0,0.0,0.0,0.0,0.0,0.0,0.0,0.10707316149229726,0.5798813540217813,0.21090365401066946,0.13014079009748786,0.016982249457923773,0.09037030739925248,0.2586396891963947,0.3228260307552351,0.24586743764209137,0.3867460669403469,0.09110467156364496,0.5518102617832205,0.061342784414389374,0.10099826348726174,0.2997945067323261,0.28215884989686274,0.08838340169180689,0.31581858529461937,0.21315756675907802,0.5227510231441925,0.1025506979401067,0.1936083427391152,0.310747155130336,0.1910343243548578,0.28881876547572194,0.3210498617104364,0.39674979482945005,0.12505411609702663,0.5217412321403319,0.06678521580182366,0.281877454284135,0.3443758535386959,0.31605412922977366,0.26304131607393766,0.3900304371314759,0.13160545280560534,0.5217932685154347,0.06398328349357996,0.35975697618633007,0.29921019870185056,0.13370584056824103,0.1897017090618262,0.33502923268480295,0.20886574600003427,0.4364387817983844
"Auco_GA, Gastrodermal cell",0.0795503872080491,0.19752839139127815,0.03463170112142986,0.25548011958816624,0.055711008420303486,0.08116651058022786,0.0493442368842375,0.10013483176930749,0.03537112835314797,0.0013878318898040269,0.010406405468813327,0.09118748382266442,0.057733496049848454,0.1481586663807507,0.26668985832942455,0.0017159457902692211,0.3365075635720252,0.012509194578318525,0.0011413172715317398,0.1086133748777933,0.0,0.0,0.0,0.0,0.0,0.0,0.0,0.06425797658435091,0.03276599072906825,0.3785580073230229,0.33207293758031375,0.01306753624141033,0.022923118002563518,0.0819006591032518,0.1734147388148119,0.1537360993823905,0.05571077853159673,0.5567190048061356,0.0024978192260007364,0.020158163566825663,0.0233694728959753,0.17263775078968543,0.22078436405295315,0.5181763805460242,0.11071871175279513,0.43228543944403197,0.006057765470566653,0.017132022802968404,0.11384172376635537,0.13530106213131238,0.012111692140074385,0.11448885325828242,0.07033975300276345,0.13209841250166177,0.5795735674715475,0.0011173309902562031,0.010050387825612555,0.16538211014491278,0.0012430037031418127,0.13240406008517103,0.12170612094654028,0.1015713233238662,0.5029801327722939,0.005385400648589426,0.010856837140740015,0.15812015851164524,0.027250081824569106,0.046371611235489316,0.036540203072835654,0.041170275067715895,0.1309869365785618,0.33078201358553866
"Auco_GL, Gland cell",0.019919546313044965,0.0446257215570961,0.0028156909422979684,0.0519395194452987,0.10230166229727844,0.012336089997232017,0.09543349819963294,0.21671701140917915,0.02678657072328357,0.0038682770000076847,0.002719387285685089,0.011270792557617223,0.018226993913217554,0.04724823199775114,0.021914605350120075,0.08435294113965401,0.000272761707550439,0.01646886216996802,0.008266364828812895,0.4737077610955594,0.0,0.0,0.0,0.0,0.0,0.0,0.0,0.003422480486672253,0.016613719355563154,0.036099363406011914,0.5852861763035472,0.014857802295464401,0.051205591965173644,0.0609204502068932,0.1364921584121971,0.015455020506335848,0.015160660422678995,0.02718828620409633,0.008193418151870092,0.005320186646125876,0.2090655888067559,0.02356680029108396,0.10780986034610669,0.007999325944910481,0.08208718489754856,0.008655906373077503,0.009966322880658861,0.06997924710692063,0.17510830878132944,0.009740357791515745,0.0012001615237509562,0.10373921117639902,0.042796657096264415,0.006761529438639323,0.05488550049387919,0.008134842871030796,0.19573599629533284,0.028849491507153657,0.00016176190322007104,0.14648709359180184,0.04496626051554839,0.00331990003049294,0.05342154410500814,0.0072255467584130696,0.16959467803324227,0.024429230555000864,0.0,0.005157085646229511,0.015810078472717256,0.030436030996175645,0.017589765995689222,0.27284352311812954
"Auco_HA, Hair cell",0.004280136212684956,0.011269235789719736,0.004785807419320073,0.01621092944704423,0.15001660385933796,0.0032126008519931743,0.04154883202513475,0.25461381427731905,0.011792393823112871,0.02502536775153274,0.3484069694482645,0.024695125495895746,0.11267612670374308,0.14726227775606346,0.011625599461903332,0.011600865369550368,0.0,0.1712107296701045,0.003274490361094443,0.008191120019744074,0.0,0.0,0.0,0.0,0.0,0.0,0.0,0.001471190694448896,0.02994170219139945,0.015005100085479891,0.002446173049625706,0.6808440401176095,0.021026155322805832,0.033572377937453865,0.4536038256011664,0.014851558099498596,0.0029058692687416857,0.022175744443160797,0.002048076290749947,0.005815428409238507,0.010716430841874344,0.054336005334762516,0.40349721663860894,0.021621058364812974,0.04096351310888432,0.0044195785550255485,0.0027921255834739093,0.008635515627818271,0.010793164688530508,0.051145858605659775,0.0010832522700851136,0.4316578541402364,0.06224010376110099,0.0014587101387839529,0.025272248972203502,0.0016206327288090128,0.013794353326157836,0.04686552623318226,0.0008489167744489566,0.368688020521363,0.06069870872197515,0.001358492363069922,0.03890993601319684,0.0023439728373781652,0.01976521195485317,0.018099043257205856,1.0148301883989376e-05,0.018871779056783382,0.009043242220773537,0.0055907478500491405,0.4235139403320112,0.15564942657899314
"Auco_NE, Neural cell",0.04973752275525176,0.042718017897886894,0.016290978266629542,0.06222340731259214,0.09975483436248167,0.023657181300486142,0.05810078127944688,0.2613953402468027,0.1307624141382552,0.010458180770465248,0.009865233071872948,0.05137146102420167,0.034247822857940924,0.028948973869267897,0.027823032539509775,0.6200293183662113,0.00044890721835307327,0.5812111957773607,0.02070546538749949,0.09982217406123356,0.0,0.0,0.0,0.0,0.0,0.0,0.0,0.014812437713848594,0.0481534080141495,0.03753048210555758,0.02806746608759524,0.03648428364884041,0.4159904226419913,0.121044528459523,0.1263292141879267,0.014540647036353405,0.0505976059762958,0.02752851039003896,0.05184922959979125,0.15106306830864275,0.19690596141666236,0.033685704781424367,0.12351890030293669,0.00831227258541155,0.10385831460059569,0.008247887120927716,0.06523421393875692,0.18333138300322377,0.22927468016397556,0.01107252771816609,0.16266857107381977,0.11180257305243421,0.03578401663008692,0.0064918977496194515,0.038023143875430584,0.05358637372085381,0.2742272087499518,0.028802195291061296,0.05479448808421803,0.13594358755009026,0.039872216721065286,0.00428816197394082,0.03763809279851537,0.039763014036073706,0.24494332981374883,0.03162476157603216,0.034819355271621416,0.11666330308926338,0.11921691573866015,0.1497279806996532,0.050569979376312635,0.319860986993851
"Auco_SG, Stem/Germline cell",0.007223718939875068,0.015977095005478597,0.0,0.04148688153034584,0.16059919612704726,0.01904191445921883,0.22016644771270805,0.2553796938272036,0.3377216136663105,0.003476651128184123,0.0028148011372938356,0.04063463234590829,0.03849685659081835,0.0850964078592789,0.04983048779226015,0.012768025225032262,0.0008768313107493195,0.07574638671405495,0.00986657972538944,0.1404280329674985,0.0,0.0,0.0,0.0,0.0,0.0,0.0,0.01591595476864522,0.05465346174736807,0.08852104172733008,0.022838586164943837,0.022212799886564688,0.15630055730753273,0.1944639054401464,0.2914409527767898,0.13957021896747174,0.011058224877214945,0.07514488056115926,0.008787632764353157,0.1513656417939807,0.10106709843543135,0.03048671313135053,0.27393054229122754,0.034142174893329706,0.1331702472982505,0.015774917726979015,0.011610800666361266,0.046377513713504036,0.0832635948660583,0.062082028382120825,0.027473999778346535,0.2384601226632602,0.1630777650712769,0.010132667734874473,0.16415427737794516,0.007935256224178882,0.08880933663713965,0.022514120356471157,0.007336742974118332,0.2340354489337641,0.13478974875023772,0.004667596198133837,0.13289638283380492,0.01110348555572762,0.08763184714260641,0.0243487027928383,0.06050242216366849,0.0859667791925711,0.02295379567241804,0.013276072830306893,0.04183506799117895,0.4039062045774388
Clhe_Bioluminescent Cells,0.002013946558392107,0.01330292618275462,0.0007935567318950943,0.016736792775754343,0.031162623567041553,0.003722876206860797,0.019759093514966793,0.018506841746708472,0.009005721559625807,0.034064771432288574,0.00036182581028196785,0.00382805795921373,0.02013953660329023,0.04287952150033784,0.02862032861933707,0.00461501096019188,0.0,0.007778668942873807,0.0002720471728747154,0.005573133392166035,0.0571359234235909,0.10707316149229726,0.06425797658435091,0.003422480486672253,0.001471190694448896,0.014812437713848594,0.01591595476864522,0.0,0.0,0.0,0.0,0.0,0.0,0.0,0.02834950354332324,0.0073826970346228555,0.01088676182099656,0.00629812148549466,0.010600238034946724,0.0,0.007123529108047715,0.011585907360759859,0.04251466391383957,0.0003952416564419035,0.030561669186874047,0.01022347641529485,0.013114860153506352,0.0006896825155573576,0.0015980042761350316,0.010934477030244303,0.00011483265246943829,0.02086665960383994,0.0132440637309521,0.018519196632475518,0.01105330382794696,0.003127459280544518,0.007064733842740473,0.015616277269307347,0.0,0.015967863622723993,0.019089428227168338,0.010666922229073186,0.009299352467322303,0.0023415914119794814,0.00044640652992621,0.021294486273752338,0.0,0.0006217698917887435,0.015558524328285108,0.005109380936806799,0.00021192710082316817,0.07671741078123372
Clhe_Epidermal/Muscle,0.05298068136873326,0.040004057951936824,0.03134770224391831,0.23473177670557716,0.08877101501377702,0.07346008757058954,0.06755771518221826,0.10874195180792752,0.034672238335405406,0.013146371603496885,0.014036033120289773,0.15121735970521546,0.27603263333885847,0.14543986051464278,0.02919251341517835,0.006076380027941758,0.035049777239613986,0.02009860377654126,0.821141984457465,0.03330869708080718,0.02787009871566411,0.5798813540217813,0.03276599072906825,0.016613719355563154,0.02994170219139945,0.0481534080141495,0.05465346174736807,0.0,0.0,0.0,0.0,0.0,0.0,0.0,0.29550583368418415,0.07337217735441323,0.004388681347183577,0.03517004365792109,0.06690928241672213,0.01625074027435562,0.016874787958863748,0.05889058350191671,0.28142649969462574,0.0036798643001941566,0.08570425967337064,0.007710092032254484,0.09398839475169332,0.006742341514986113,0.15794056536610107,0.04605044419116518,0.021748049122679042,0.2187810270655901,0.0820638685670763,0.0021204908104858603,0.053867776159800575,0.05692348697660936,0.009926836379806772,0.13555628693824487,0.05874285417777035,0.3638528268954705,0.06878513862153846,0.0020825585966833616,0.0506874361368115,0.03306500851846209,0.009942431879726765,0.1045527523850033,0.017341632517263745,0.06304011540338303,0.04588124108357284,0.2579797276750602,0.07741017280685916,0.3993766395876339
Clhe_Gastroderm,0.15937871235523193,0.2695723546974168,0.05460410692571349,0.3700765330391588,0.07615992354517172,0.1677005544063101,0.04494497523193086,0.05148028343843895,0.04207536410380257,0.00820395264404251,0.010505280831344782,0.1305160649589857,0.07334080749433727,0.08258541971268096,0.6162244393576753,0.022296303992103965,0.07775066284848392,0.01394797317211218,0.0057740660494847475,0.023999712533130567,0.006576497074163861,0.21090365401066946,0.3785580073230229,0.036099363406011914,0.015005100085479891,0.03753048210555758,0.08852104172733008,0.0,0.0,0.0,0.0,0.0,0.0,0.0,0.08379691276578767,0.020975035715257263,0.37889193653398384,0.07726238752889847,0.5176793485914828,0.02153578349622034,0.02742001067617611,0.15969988016889897,0.07216527652494292,0.003949582805557358,0.2755098269787422,0.272135881393823,0.45930997147631025,0.013571941822891306,0.041145126778133236,0.17403012626390352,0.030957514159004502,0.04631460247196888,0.03489979330716946,0.4915562309490036,0.038727591182310464,0.4313661149747066,0.011168380566609081,0.08805920404552357,0.0023245400280143425,0.04685886885639906,0.05949763253435284,0.4758544079087078,0.04286185299285838,0.45229939141867676,0.011191681366821684,0.20413255689745227,0.05427013172888875,0.04580575711391635,0.07626069575837675,0.08401016317982281,0.18399426608771727,0.39258796294581066
Clhe_Gland Cell,0.005403343803484223,0.07773935450751625,0.0,0.3910347018818775,0.03243100294967156,0.011761898255663447,0.024176983116991676,0.059769874915716684,0.021195121807297934,0.002035104542184423,0.0010166356743118807,0.03517188695980593,0.051759462699119366,0.024909143505797673,0.026843813252713445,0.008314570551785291,0.006245899080586403,0.015210699591689535,0.0016858641971481281,0.6411356935799922,0.00650790974635351,0.13014079009748786,0.33207293758031375,0.5852861763035472,0.002446173049625706,0.02806746608759524,0.022838586164943837,0.0,0.0,0.0,0.0,0.0,0.0,0.0,0.025184687887326647,0.11274343857861305,0.005174381257870336,0.6082750495836176,4.407017007522352e-05,0.0031082911867349864,0.0245768097730489,0.11592031205241742,0.12624620673690876,0.6573322089114415,0.041289192763552265,0.38701402197851875,0.00022129923326473177,0.011665598862210174,0.04216036210216069,0.09016567749056337,0.004725175786733505,0.014425233629155048,0.009167175436622155,5.658447499766917e-05,0.641792600976528,6.81410445989485e-05,0.02990901018199907,0.11224816745693364,0.0,0.015005369824777546,0.046695424733725635,0.00021340656997958178,0.5268118504770462,0.00033780348465209294,0.03698672732885129,0.11309497731112442,0.0,0.0006017098429182203,0.021765572828774782,0.019327846282564263,0.00381034669732896,0.1814189005362357
Clhe_Nematocyte,0.08772714962723255,0.045522936024232005,0.04562584854848021,0.046528523794629136,0.11409160824262847,0.07548088290271766,0.08688558573326186,0.2230844509219771,0.03851908605417094,0.6516835292789837,0.2611170687302589,0.03750006469508419,0.023638513022553338,0.01892250931947487,0.015643733146762623,0.015793805990260618,0.0,0.32989220321346224,0.0037602511616393872,0.0382119814504447,0.6613995065531413,0.016982249457923773,0.01306753624141033,0.014857802295464401,0.6808440401176095,0.03648428364884041,0.022212799886564688,0.0,0.0,0.0,0.0,0.0,0.0,0.0,0.1585847497270137,0.013471219050818339,0.02025872063593719,0.0024417027421463574,0.02830039363726671,0.06356182368899749,0.23228165751306587,0.03741020632101005,0.1501604341804728,0.0002186664251193424,0.1348754137370875,0.011555686747726357,0.03850788755280384,0.21294679871863997,0.09278119947172236,0.03022487904075924,0.002147943593417187,0.1751658875274688,0.038614456201090906,0.03327639106721016,0.010952396270120639,0.014340100150739077,0.22851306232141835,0.015720505348642545,0.0,0.11568456515128585,0.05774694991653143,0.02753589728019949,0.012852177009220847,0.016708472847979126,0.2221602765096312,0.02694305845056416,0.0008968459609947776,0.1810136136524718,0.2145084858461125,0.09877948239095055,0.243551309805519,0.16074716767628083
Clhe_Neural,0.008495587810132755,0.01262931992018595,0.0,0.021686222933188552,0.18463751890929317,0.013113736133587189,0.15063097234960404,0.2440448112446855,0.261836939508637,0.011329591538703531,0.045339424749234136,0.03997744021710578,0.04782621023303896,0.14815370377889334,0.010412421642281778,0.5789833214407918,0.004056753072675836,0.23806680025824395,0.002215130708221509,0.14013221758923708,0.01719655446157215,0.09037030739925248,0.022923118002563518,0.051205591965173644,0.021026155322805832,0.4159904226419913,0.15630055730753273,0.0,0.0,0.0,0.0,0.0,0.0,0.0,0.3308706127908466,0.22256302241857662,0.026637649027731393,0.024633451657890975,0.0020180716416748233,0.14552779510540315,0.11022115673285868,0.0622904185060988,0.23380187513687706,0.022094743856386843,0.2034718433250649,0.005132354889202787,0.0021737883270947075,0.12501639727727087,0.09352810181114564,0.1518864662105393,0.004469178154619021,0.26940033065780644,0.24974848190957188,0.001783078558420488,0.04067361276740203,0.0015139702370146517,0.12497921261201869,0.08909666310727551,0.0094313551049026,0.18155681695708784,0.23054355134719967,0.0013072757619831624,0.06555691186012721,0.002595662547201582,0.09916989247092196,0.01434265336920398,0.001682462552072458,0.05024282186071292,0.06566513865092208,0.025186590799843273,0.1940802025488916,0.34576340362555147
Clhe_Stem Cell/Germ Cell,0.14033403647221426,0.0764380926649445,0.06238359342300144,0.054254471677409266,0.3858461605140381,0.1959230064031589,0.3524159287298844,0.2229219643234545,0.3636592535587376,0.08407464495179374,0.008760284755184766,0.1236492168530132,0.12180871051152849,0.2225908981856925,0.043128397931196175,0.06850571400716873,0.0026511989362175675,0.0701928943225607,0.006850154674119406,0.05780375737192589,0.1300049720780146,0.2586396891963947,0.0819006591032518,0.0609204502068932,0.033572377937453865,0.121044528459523,0.1944639054401464,0.0,0.0,0.0,0.0,0.0,0.0,0.0,0.3758051618503643,0.1392226411013357,0.11173539291052878,0.058724109269389826,0.0016563280410399888,0.008673551338043074,0.04545531246005614,0.14385357345455335,0.1557999277425008,0.012937419032945855,0.442497067584407,0.015235827154814257,0.010544102211134039,0.01401644818065773,0.06220507432129755,0.05638169742215178,0.0022165783740934115,0.21385240768188182,0.21042032800095894,0.020792534258113664,0.12137464574660424,0.003341343006825377,0.015203651677092266,0.09468075057589562,0.004046342005497461,0.15776859681381988,0.35464705902494875,0.014715718247420203,0.1094683986972691,0.006650436691453552,0.016127744778772008,0.06497758379925009,0.007104415898352643,0.12105293898426435,0.4627493164912684,0.03022674196045813,0.06822484046967653,0.4055134884354329
TrH1_epithelia,0.1626597952647339,0.07703782575856351,0.04014385384844614,0.10739974019785552,0.38371615677887805,0.22909182544882722,0.4495099704534196,0.33506939644002626,0.4288341836111195,0.05656497245399892,0.09045310962915759,0.19955743959151606,0.18035611520012967,0.5108280638399038,0.0831530986973748,0.09882957232432532,0.03123953409251899,0.16276508937822418,0.10827398586809975,0.08007730204075428,0.06152004838015197,0.3228260307552351,0.1734147388148119,0.1364921584121971,0.4536038256011664,0.1263292141879267,0.2914409527767898,0.02834950354332324,0.29550583368418415,0.08379691276578767,0.025184687887326647,0.1585847497270137,0.3308706127908466,0.3758051618503643,0.0,0.0,0.0,0.0,0.0,0.0,0.0,0.0,0.6084251422550555,0.006997133833910078,0.04632281300301117,0.004772636380930683,0.0006510673858971037,0.004350844852515735,0.4480760680030403,0.4208638181852561,0.007130248910223287,0.7323473521467518,0.6797040149900375,0.00020256914822040724,0.018815565633885957,0.000765282410733804,0.012472908026982235,0.36312603213002986,0.009557445593125212,0.8059130718773158,0.5471081179087768,0.001056366631838454,0.014208361561213098,0.0067014004698902315,0.027633478896815878,0.12448019764298632,0.01965801223751628,0.19280410319476424,0.3543288411055879,0.18578257473301668,0.4887143263868543,0.3841413602655299
TrH1_epithelia_gland_like,0.02917170061860417,0.015536996707686618,0.009890633998884976,0.10274338761730088,0.1762182025899882,0.025670961305340294,0.14471302840153305,0.16343664840653166,0.20594852911954398,0.0030346388721987755,0.00026283614863033093,0.020131980154090297,0.03775269716051195,0.2609952811991293,0.02222596051885687,0.010885276274561715,0.0006666591486821967,0.007366526512774807,0.0039329245205967575,0.10633204594946818,0.014291491493478687,0.24586743764209137,0.1537360993823905,0.015455020506335848,0.014851558099498596,0.014540647036353405,0.13957021896747174,0.0073826970346228555,0.07337217735441323,0.020975035715257263,0.11274343857861305,0.013471219050818339,0.22256302241857662,0.1392226411013357,0.0,0.0,0.0,0.0,0.0,0.0,0.0,0.0,0.6789425384695603,0.10353896481775218,0.01794430549289407,0.06859868857535023,0.0012335177267397712,0.0013071232372865941,0.0114344499592503,0.06217317425956935,0.0008114458776598851,0.17945941422407224,0.4570114603711272,0.0,0.21647234317313901,0.0010425473786708688,0.005135130517315381,0.038917820498324214,0.0,0.2033617145553827,0.48739015007832764,0.0002471506790524298,0.19197382460172852,0.0011229000001899921,0.006611008164358306,0.0299067164798493,0.0006282053355426479,0.03458599733369543,0.13486845946323836,0.003847105586844619,0.05008524127085725,0.3878092897524115
TrH1_fibre,0.0247731963492228,0.20542556649363944,0.0,0.18071016286233016,0.08825874863357705,0.03806181713472956,0.03036617279864622,0.014877278631964263,0.15131925195413948,0.04059409097753898,0.0,0.026013905014878803,0.020059437469999407,0.023572994259260037,0.41905338864299885,0.03736617586692886,0.003055791624502596,0.010576791508006795,0.018360982122389145,0.0056232945869164105,0.07574989845674843,0.3867460669403469,0.05571077853159673,0.015160660422678995,0.0029058692687416857,0.0505976059762958,0.011058224877214945,0.01088676182099656,0.004388681347183577,0.37889193653398384,0.005174381257870336,0.02025872063593719,0.026637649027731393,0.11173539291052878,0.0,0.0,0.0,0.0,0.0,0.0,0.0,0.0,0.006784570721471201,6.24903992021868e-05,0.6799818506534067,0.4841145942551539,0.0009917070424859992,0.001991925265428933,0.002665366453582521,0.2103361243714708,0.0203905573855934,0.03157238533729752,0.019192729939867485,0.7028677059565801,0.006274651160104952,0.003213468072570021,0.015712078143834084,0.010887623076439513,0.01295780826080917,0.004099075670988271,0.043137855655694876,0.6681989003749285,0.029865067010071827,0.001249379502972318,0.0003326016545892882,0.08862952657644531,0.028091438484925506,0.014875414443588008,0.08200137014902203,0.008181053232048026,0.03443465814892903,0.35958515126698276
TrH1_gland,0.13346769122744587,0.124397559836311,0.020005333644411094,0.5264271537335424,0.037863023363353794,0.07358434692441462,0.05169663674317684,0.04301838439776125,0.03389754339502228,0.0049712088814878866,0.0015022414427302597,0.044124184048429285,0.024453597350876266,0.04358683530388329,0.11509999138798402,0.0123104358915475,0.0031472351383344346,0.01134341400957102,0.004435895592829671,0.5877091320012314,0.002543322274558119,0.09110467156364496,0.5567190048061356,0.02718828620409633,0.022175744443160797,0.02752851039003896,0.07514488056115926,0.00629812148549466,0.03517004365792109,0.07726238752889847,0.6082750495836176,0.0024417027421463574,0.024633451657890975,0.058724109269389826,0.0,0.0,0.0,0.0,0.0,0.0,0.0,0.0,0.09551824220611364,0.9477135688972002,0.08564249364415633,0.5285171978330198,0.00037565480144406417,0.004530837730755031,0.00477658709425596,0.10921664078160565,0.008905544628398324,0.0006517024444341567,0.047066708177388644,0.1686150922961597,0.9009493632326573,0.0004546208013885602,0.001899668008999187,0.1768040479977823,0.0,0.0008905492019313316,0.10886245837173572,0.10484712667795024,0.9086689980529774,0.0004269466081040831,0.0010803897047160444,0.15297613752728323,0.0007504179301052378,0.028210373793482752,0.09024781397728308,0.014319578685754366,0.021760399290774557,0.3628040246258698
TrH1_lipophil,0.00457946069376759,0.4753349415659199,0.0,0.034005501521141346,0.03952457925604725,0.02646623393147309,0.009573806672459604,0.005817230516099319,0.026945900282580044,0.012722755992452003,0.0024170729853694407,0.11419211532704998,0.46827553340011485,0.03676812442772715,0.004194183434748767,0.008400926149380197,0.00023851019831334832,0.0035762329958295555,0.03226699829318707,0.004462973330801529,0.0012001744900978595,0.5518102617832205,0.0024978192260007364,0.008193418151870092,0.002048076290749947,0.05184922959979125,0.008787632764353157,0.010600238034946724,0.06690928241672213,0.5176793485914828,4.407017007522352e-05,0.02830039363726671,0.0020180716416748233,0.0016563280410399888,0.0,0.0,0.0,0.0,0.0,0.0,0.0,0.0,0.01516790236929541,0.0,0.006467712466716435,0.0,0.9819783538884309,0.001991880531425602,0.002586011381712257,0.031060536099375136,0.014366374944575405,5.5588477739860195e-05,0.0025931165375340246,0.000188004930844204,0.0,0.9851848437472415,0.0009280713096957686,0.02293836790407601,0.02912894494070581,0.000123782629250425,0.0031342318322445605,2.5445695290863395e-05,0.0,0.9569921632545417,0.0009521414959402436,0.10366278060197828,0.023703446540721936,0.01275846336911271,0.08346750327324924,0.010760762546896573,0.029814872024888788,0.422062239397219
TrH1_meiotic,0.0,0.0014139991022946797,0.0,0.002480954335943636,0.02572209379719312,5.5079536545769286e-05,0.06449113496445627,0.2744429980872915,0.004581312149828081,0.0,0.003157847287550588,0.00024521209336188064,0.0012308205505179412,0.00857832630881058,0.0003825778734477453,0.0,0.0,0.26449942683080113,0.0,0.11119473990347876,0.0006816713064904212,0.061342784414389374,0.020158163566825663,0.005320186646125876,0.005815428409238507,0.15106306830864275,0.1513656417939807,0.0,0.01625074027435562,0.02153578349622034,0.0031082911867349864,0.06356182368899749,0.14552779510540315,0.008673551338043074,0.0,0.0,0.0,0.0,0.0,0.0,0.0,0.0,0.0120282314525526,0.00029441666370848713,7.22783119132152e-05,0.000532345329374887,0.0,0.9405886676861075,0.01666991773021712,0.0016946137469751245,0.0,0.015354246409828045,0.0005764573182337918,0.0,0.0002702748021076914,0.0,0.8825164910978233,0.0017126113109587264,0.0,0.02060666553232702,0.00022702389170221947,0.0,0.0,0.0,0.8307755848134699,0.0008601462697606083,0.0,0.08209413092972218,0.005827472931521907,0.03705950754643894,0.013370022899342396,0.12545975446541585
TrH1_peptidergic,0.01717402491352026,0.015732998494081107,0.006535059700361395,0.013054202299421096,0.12308497710253823,0.0071317575337094905,0.054313499575978266,0.23886655800978235,0.016057257707034388,0.011719996630910924,0.025905398971249233,0.023627336800754566,0.01517316786064023,0.027109967601867836,0.005308726965960548,0.12858949748593554,0.002256736687411456,0.44299454996622173,0.007322415928341078,0.23969482313248233,0.06857912319458345,0.10099826348726174,0.0233694728959753,0.2090655888067559,0.010716430841874344,0.19690596141666236,0.10106709843543135,0.007123529108047715,0.016874787958863748,0.02742001067617611,0.0245768097730489,0.23228165751306587,0.11022115673285868,0.04545531246005614,0.0,0.0,0.0,0.0,0.0,0.0,0.0,0.0,0.04516734508938554,0.0032095461006307726,0.004788674786063392,0.0019612995766505005,0.0018013545921874308,0.7627351077713297,0.5409567036111599,0.00433829294631185,0.0047893453591839165,0.09730841542121767,0.005094387059713111,0.0,0.006992650570443249,0.0027538658914488564,0.8237295766324181,0.023548180091599112,0.0028251760550404496,0.11289956446482745,0.0035043878584659245,0.00026826826116517195,0.007297787890761538,0.002591865756356634,0.8381153345270217,0.013377929529738878,0.0,0.025379573723156534,0.04633867176256211,0.22001495037861757,0.01685279017847767,0.11034781614858344
TrH1_trans,0.09059734243997282,0.12086775885726661,0.01755793431863533,0.11222208333882915,0.11966743758147272,0.09550117470283637,0.0624625724427746,0.13643110238999243,0.055973470993724884,0.03922969005162115,0.009616640852773386,0.05526955370905755,0.10808603331086881,0.1786891984559492,0.073383134118331,0.021560997599866218,0.004609065107296602,0.0506851438515263,0.021182498977004065,0.12036280017850878,0.008265626834611382,0.2997945067323261,0.17263775078968543,0.02356680029108396,0.054336005334762516,0.033685704781424367,0.03048671313135053,0.011585907360759859,0.05889058350191671,0.15969988016889897,0.11592031205241742,0.03741020632101005,0.0622904185060988,0.14385357345455335,0.0,0.0,0.0,0.0,0.0,0.0,0.0,0.0,0.43636668881336604,0.09489850862373309,0.05244025039469922,0.08559357892299249,0.15048482100362268,0.002443539153987398,0.041572991953576506,0.1662308986372183,0.0008925354025355548,0.36387197675780875,0.021756882444975638,0.11824749180639349,0.22643438066849794,0.14932698390413018,0.011164123836153056,0.12572588006758784,0.01025118910895385,0.3742442105097378,0.09143314478165329,0.12703693260005897,0.22978655163547695,0.10677068917243485,0.011814761524548795,0.22969927014771674,0.005358436054882023,0.054565399553722825,0.2695184834397194,0.049450699062920975,0.1139542807396134,0.3557417421350504
TrH2_epithelia,0.07529760086821165,0.05685637007165993,0.021596588200376,0.08934301264217112,0.12807167348303128,0.05333201942618891,0.2069026862933153,0.25601721438781705,0.2795834262775102,0.015183050277187096,0.0979259019675424,0.1705190198685377,0.16261730964680127,0.413639162348156,0.047763847678045375,0.07293415576652933,0.011225440093373402,0.19277573920431945,0.13953797154849204,0.07940642099739212,0.017712042506230142,0.28215884989686274,0.22078436405295315,0.10780986034610669,0.40349721663860894,0.12351890030293669,0.27393054229122754,0.04251466391383957,0.28142649969462574,0.07216527652494292,0.12624620673690876,0.1501604341804728,0.23380187513687706,0.1557999277425008,0.6084251422550555,0.6789425384695603,0.006784570721471201,0.09551824220611364,0.01516790236929541,0.0120282314525526,0.04516734508938554,0.43636668881336604,0.0,0.0,0.0,0.0,0.0,0.0,0.0,0.0,0.0,0.5041178035438373,0.6527330371569163,0.008751281454185354,0.13562974974863268,0.17376116173168368,0.021978576837079697,0.5015883921859895,0.0027793121050330785,0.5512261040537036,0.6253302282917248,0.007054993329629658,0.21891391197051427,0.17956410808793427,0.025995103554737747,0.40513882043352406,0.00519758094189958,0.10883780803655074,0.026766579768053085,0.2985456289523477,0.47008188999524414,0.26585135763095524
TrH2_epithelia_gland_like,0.03233791016933231,0.011213543829983522,0.0,0.5036823372444001,0.02326116803666218,0.015262834563279459,0.021667740566384465,0.08077998739735479,0.020082282028502034,0.0005972597397530464,0.0018348838811847695,0.010831590068633545,0.009882641022225486,0.0656482645058233,0.003915706731888655,0.0001820714946101451,0.0007270150494451289,0.003315068492623797,0.00035347655158389084,0.5860539305401211,0.000537977386296856,0.08838340169180689,0.5181763805460242,0.007999325944910481,0.021621058364812974,0.00831227258541155,0.034142174893329706,0.0003952416564419035,0.0036798643001941566,0.003949582805557358,0.6573322089114415,0.0002186664251193424,0.022094743856386843,0.012937419032945855,0.006997133833910078,0.10353896481775218,6.24903992021868e-05,0.9477135688972002,0.0,0.00029441666370848713,0.0032095461006307726,0.09489850862373309,0.0,0.0,0.0,0.0,0.0,0.0,0.0,0.0,0.0,0.0005447537551175115,0.04826620187628493,0.0,0.967018244994273,0.0004796179060122613,0.0005504861683877329,0.06194292157338038,0.0,0.0007419419812216474,0.033156879331967884,0.0,0.9707164692473602,5.6431463598918656e-05,0.002040889060877072,0.06437292247539665,0.0,0.00047128903225059283,0.007311187737875739,0.008252906707444595,0.07423005315971037,0.24546835795498706
TrH2_fibre,0.22188894762571723,0.10580353653410571,0.06554148777484019,0.20614236757785945,0.4684627557112114,0.3301149807942134,0.36386116648575845,0.15838170205851362,0.4104637702984344,0.15131194164521772,0.009728474616933758,0.13247609893059747,0.11224138969262878,0.1361483351129165,0.2976651856153206,0.08632866665679442,0.062132263065896975,0.12546301268826043,0.055007063706299666,0.05602073638120473,0.1675164259327742,0.31581858529461937,0.11071871175279513,0.08208718489754856,0.04096351310888432,0.10385831460059569,0.1331702472982505,0.030561669186874047,0.08570425967337064,0.2755098269787422,0.041289192763552265,0.1348754137370875,0.2034718433250649,0.442497067584407,0.04632281300301117,0.01794430549289407,0.6799818506534067,0.08564249364415633,0.006467712466716435,7.22783119132152e-05,0.004788674786063392,0.05244025039469922,0.0,0.0,0.0,0.0,0.0,0.0,0.0,0.0,0.0,0.0673736242697889,0.06290423546821765,0.48775248449329844,0.022313058730902217,0.0058312227874281345,0.046070447373390305,0.021107690571226682,0.00012003504448486331,0.05691199924371115,0.17283379304930574,0.43545726738008883,0.043983366574992064,0.005606739476847947,0.013419634838994365,0.06816649060005944,0.006897210513172524,0.20341910965125076,0.641498244536396,0.05324506536286357,0.08861443971865043,0.4181972808808088
TrH2_gland,0.043127985372389266,0.14580954714451957,0.006542542714098256,0.46918253983257063,0.005003756266758004,0.018102290594897368,0.006648121807749564,0.012473369386284652,0.004421260388229043,0.0008307578944141012,0.00043577587645009664,0.01898875321561059,0.005073922005725101,0.011403268239224058,0.3221953163739594,0.0016729884035090487,0.005240492981143263,0.0020292041170528554,0.02334566382357508,0.37724647459680977,0.0034156274631831204,0.21315756675907802,0.43228543944403197,0.008655906373077503,0.0044195785550255485,0.008247887120927716,0.015774917726979015,0.01022347641529485,0.007710092032254484,0.272135881393823,0.38701402197851875,0.011555686747726357,0.005132354889202787,0.015235827154814257,0.004772636380930683,0.06859868857535023,0.4841145942551539,0.5285171978330198,0.0,0.000532345329374887,0.0019612995766505005,0.08559357892299249,0.0,0.0,0.0,0.0,0.0,0.0,0.0,0.0,0.0,0.001698532163825391,0.008901544115740814,0.7435521234231356,0.4362234183357991,0.00021445958054860888,0.001364993775399709,0.09442096476349092,0.0,0.006990450278344593,0.020576150340467152,0.5814052581371677,0.444952135111614,0.0012642262038615642,0.0012738065945199317,0.09795780702219371,0.005748067250699597,0.011015623473438619,0.02727932477782184,0.009772767134261654,0.0326327451753335,0.3591976878154016
TrH2_lipophil,0.015705764285472813,0.4365707792431913,0.0018020683289203445,0.04831458485287293,0.05279019510409434,0.052987388055070916,0.023113583708679473,0.010092325299002619,0.02878631245045309,0.018420406768848742,0.002837827917112978,0.11504039517235387,0.43745461405073727,0.050629153068591934,0.004061577565086913,0.010491479506428742,0.00019821915197561655,0.0022927850964551337,0.022173817809802224,0.005595603579618915,0.008647891867658911,0.5227510231441925,0.006057765470566653,0.009966322880658861,0.0027921255834739093,0.06523421393875692,0.011610800666361266,0.013114860153506352,0.09398839475169332,0.45930997147631025,0.00022129923326473177,0.03850788755280384,0.0021737883270947075,0.010544102211134039,0.0006510673858971037,0.0012335177267397712,0.0009917070424859992,0.00037565480144406417,0.9819783538884309,0.0,0.0018013545921874308,0.15048482100362268,0.0,0.0,0.0,0.0,0.0,0.0,0.0,0.0,0.0,0.0004989389889289355,0.004446233479823662,0.0006281820412733526,0.00033072513745613076,0.957761685599596,0.0008941639514064507,0.03515329484533819,0.0,0.0003197178278124581,0.00420785772691626,3.719475360407845e-05,0.00031485592192794355,0.9331099198089733,0.0010966389004993973,0.13363757678426672,0.0001155448226699925,0.012559628515240525,0.07070185548982823,0.004124187425544537,0.011449436949453471,0.45375857209074316
TrH2_meiotic,0.0005728385618711439,0.0015520395114423727,0.0,0.004415488128269191,0.14402387248297216,0.00033823386859241925,0.05947198515419423,0.2023165447220348,0.0020071385162910367,9.990363370882956e-05,0.010167159232603685,0.004377458602912095,0.0017389305966512276,0.009500033461042457,0.0018793669249473157,0.0006242733938610543,0.0009702373308061229,0.3895318255453635,0.0019951695151658724,0.10444483065728671,0.03673626374003079,0.1025506979401067,0.017132022802968404,0.06997924710692063,0.008635515627818271,0.18333138300322377,0.046377513713504036,0.0006896825155573576,0.006742341514986113,0.013571941822891306,0.011665598862210174,0.21294679871863997,0.12501639727727087,0.01401644818065773,0.004350844852515735,0.0013071232372865941,0.001991925265428933,0.004530837730755031,0.001991880531425602,0.9405886676861075,0.7627351077713297,0.002443539153987398,0.0,0.0,0.0,0.0,0.0,0.0,0.0,0.0,0.0,0.010670157290350417,0.0017512818438655722,0.0031014097723266075,0.0032258875458935727,0.0009517592193569249,0.844634779884532,0.009864592686108333,0.0,0.009283245706180563,0.002366157785726524,0.0028097080563376843,0.004189764900316071,0.0009765967992051007,0.9337975621435906,0.004451437207510359,0.0,0.03452924085076192,0.022568160443958516,0.20290256901744658,0.013115796904967733,0.06866848619828674
TrH2_peptidergic,0.002975840534529283,0.00831017175694821,0.002411200945332416,0.11065730239455929,0.06783855500019073,0.0006364161861291124,0.03311841807131475,0.2100620222138907,0.016596089027666145,0.00029851741520350487,0.01604054856675726,0.006525657487276289,0.02551068371895173,0.11348387083523907,0.004293915610005182,0.21053400690123386,0.000160107998235653,0.3034110556374193,0.01679080741893168,0.20586079519770636,0.015901100403839866,0.1936083427391152,0.11384172376635537,0.17510830878132944,0.010793164688530508,0.22927468016397556,0.0832635948660583,0.0015980042761350316,0.15794056536610107,0.041145126778133236,0.04216036210216069,0.09278119947172236,0.09352810181114564,0.06220507432129755,0.4480760680030403,0.0114344499592503,0.002665366453582521,0.00477658709425596,0.002586011381712257,0.01666991773021712,0.5409567036111599,0.041572991953576506,0.0,0.0,0.0,0.0,0.0,0.0,0.0,0.0,0.0,0.41161806458133776,0.003837617589052366,0.004413038649647038,0.004189410334541809,0.0007038597792245218,0.5069820723863139,0.09260947153571764,0.001766725619495957,0.4719754660107768,0.0037379483722052706,0.003672504458781198,0.003163486287818576,0.001670175667325974,0.4651052650047259,0.018207101040184942,0.0022265714844648737,0.008928284034825847,0.03671454210084484,0.09313280263755067,0.023183420267148265,0.2208384638154553
TrH2_trans,0.05925787081654775,0.12520613618510124,0.006821485427692326,0.1374586511088906,0.04847790170356625,0.040079244042506,0.06492862114392511,0.171413211377838,0.06371050807023482,0.0012675541081240817,0.0017525913340685432,0.030456597640646944,0.04977265166942045,0.2510953377404654,0.1923023414451052,0.0051480167499922515,0.0029126317353208113,0.010070803550940867,0.019390026347119053,0.0861991351754107,0.0013563106609650985,0.310747155130336,0.13530106213131238,0.009740357791515745,0.051145858605659775,0.01107252771816609,0.062082028382120825,0.010934477030244303,0.04605044419116518,0.17403012626390352,0.09016567749056337,0.03022487904075924,0.1518864662105393,0.05638169742215178,0.4208638181852561,0.06217317425956935,0.2103361243714708,0.10921664078160565,0.031060536099375136,0.0016946137469751245,0.00433829294631185,0.1662308986372183,0.0,0.0,0.0,0.0,0.0,0.0,0.0,0.0,0.0,0.3854599070893975,0.1690013291898973,0.2737092085306133,0.07588567020080372,0.046459122301484156,0.004376553321518358,0.08484866329643681,0.001027517820129915,0.46482056369604896,0.05374892200180449,0.2088253247774523,0.05935232832205121,0.036786647448469795,0.0045701311660320465,0.1554353284342641,9.411626213565778e-05,0.015088930483274523,0.02209510126448712,0.0034711813832474306,0.11706793040953294,0.3773493929271717
TrH2_unknown_1,5.4754813278768194e-05,0.0013169975542300582,0.0,0.008681235402778341,0.08358071937359299,0.0004061406075372352,0.010427807310077286,0.09063977114549251,0.03330166170293124,1.5262101458482346e-05,0.0,0.007680855710756049,0.07323770462755361,0.17370698215884123,0.004284715034798237,9.534855672621837e-05,0.0,0.05835927016423712,4.7530415246288635e-05,0.020748988317602874,0.020752849647733992,0.1910343243548578,0.012111692140074385,0.0012001615237509562,0.0010832522700851136,0.16266857107381977,0.027473999778346535,0.00011483265246943829,0.021748049122679042,0.030957514159004502,0.004725175786733505,0.002147943593417187,0.004469178154619021,0.0022165783740934115,0.007130248910223287,0.0008114458776598851,0.0203905573855934,0.008905544628398324,0.014366374944575405,0.0,0.0047893453591839165,0.0008925354025355548,0.0,0.0,0.0,0.0,0.0,0.0,0.0,0.0,0.0,0.00026676907660973606,0.0019376882634502663,0.005687225292783704,0.007712729999255774,0.0,0.005243330205963367,0.002010657138716593,0.9256601417539153,0.0014384135108385981,0.0021454229228272457,0.005623923401446286,0.007684353006118197,0.0,0.00523369527586629,0.002431783937450529,0.9570315450874174,0.00041832067399145414,0.0010636934027989818,0.0019387611871010944,0.00040907079012963965,0.11210801420442078
HoH13_epithelia,0.045261790347144074,0.047617306668037415,0.00696967930083917,0.13578377480370937,0.1735400181626699,0.05734260968620316,0.2574138456196214,0.2702758599028871,0.2958789463212586,0.1111594807368057,0.06781011528304302,0.1566439638470838,0.12878933508162305,0.3868271685318728,0.03240229653439977,0.06922681130583636,0.019237612570337397,0.20909276069824725,0.09757528681181972,0.07962753391798202,0.09712433693920983,0.28881876547572194,0.11448885325828242,0.10373921117639902,0.4316578541402364,0.11180257305243421,0.2384601226632602,0.02086665960383994,0.2187810270655901,0.04631460247196888,0.014425233629155048,0.1751658875274688,0.26940033065780644,0.21385240768188182,0.7323473521467518,0.17945941422407224,0.03157238533729752,0.0006517024444341567,5.5588477739860195e-05,0.015354246409828045,0.09730841542121767,0.36387197675780875,0.5041178035438373,0.0005447537551175115,0.0673736242697889,0.001698532163825391,0.0004989389889289355,0.010670157290350417,0.41161806458133776,0.3854599070893975,0.00026676907660973606,0.0,0.0,0.0,0.0,0.0,0.0,0.0,0.0,0.8873323221197416,0.18969766410576722,0.0003546491904416655,0.0015941090926252087,0.0021530864855871996,0.03478891708202841,0.04885349547140315,0.011242339957940226,0.15342128989593054,0.044202504311703285,0.227000408844043,0.5383393714791798,0.2067164993327685
HoH13_epithelia_gland_like,0.06616108664052262,0.030319964861571326,0.0033321722667774287,0.03756723570156109,0.2769080318683209,0.14175192553868143,0.24836104398484848,0.18271130351731268,0.280891040775451,0.04751723049171096,0.002733718846089562,0.060487786015896196,0.08848921667260835,0.31233666410686495,0.02481813504753757,0.03230231321660272,0.000254536562126243,0.03206875055621839,0.042768636456379835,0.019184053460083738,0.024011235230274822,0.3210498617104364,0.07033975300276345,0.042796657096264415,0.06224010376110099,0.03578401663008692,0.1630777650712769,0.0132440637309521,0.0820638685670763,0.03489979330716946,0.009167175436622155,0.038614456201090906,0.24974848190957188,0.21042032800095894,0.6797040149900375,0.4570114603711272,0.019192729939867485,0.047066708177388644,0.0025931165375340246,0.0005764573182337918,0.005094387059713111,0.021756882444975638,0.6527330371569163,0.04826620187628493,0.06290423546821765,0.008901544115740814,0.004446233479823662,0.0017512818438655722,0.003837617589052366,0.1690013291898973,0.0019376882634502663,0.0,0.0,0.0,0.0,0.0,0.0,0.0,0.0,0.35665417586112724,0.5167933983759098,0.0006439656493600267,0.06882343205315826,0.0025508674601877916,0.003498972374295068,0.006885350454045353,0.0003719014782379022,0.0801880946410573,0.2298606359122548,0.006759480692653415,0.0844476401707747,0.402491125536481
HoH13_fibre,0.07350443123062292,0.3361929311915293,0.017563790939885714,0.14090555633021096,0.005158327976118679,0.026893221644253906,0.0037082807089708785,0.002578513222938938,0.00582517713689666,0.001611605113440409,0.00015279759204302532,0.021547868525031707,0.004665140632022067,0.011593527929228433,0.5751962134163289,0.0010339152421124076,0.004018995968976183,0.001978925952270153,0.02136312086237484,0.0016835333143729533,0.001216108600102965,0.39674979482945005,0.13209841250166177,0.006761529438639323,0.0014587101387839529,0.0064918977496194515,0.010132667734874473,0.018519196632475518,0.0021204908104858603,0.4915562309490036,5.658447499766917e-05,0.03327639106721016,0.001783078558420488,0.020792534258113664,0.00020256914822040724,0.0,0.7028677059565801,0.1686150922961597,0.000188004930844204,0.0,0.0,0.11824749180639349,0.008751281454185354,0.0,0.48775248449329844,0.7435521234231356,0.0006281820412733526,0.0031014097723266075,0.004413038649647038,0.2737092085306133,0.005687225292783704,0.0,0.0,0.0,0.0,0.0,0.0,0.0,0.0,0.0007900533769708333,0.0005147637685031318,0.962401061609433,0.0001818823458062834,0.0015611381096845907,0.00048673032819651125,0.11505239328927316,0.0062120288014546115,0.007324325047212368,0.01599153859749405,0.011901935301090981,0.04212582159293267,0.4517865051645119
HoH13_gland,0.17068840900500212,0.10494006747098764,0.031634401141027724,0.5508242021760672,0.13771306467729166,0.12675862540080846,0.13971645776798472,0.09366766858617874,0.16141524810882601,0.030634882675665075,0.002441798058385126,0.06291115611417909,0.04442123233189084,0.0676556178381222,0.025338382652694936,0.02460840009610422,0.005607916026185053,0.024608851674573284,0.009488967074428688,0.5821439341265592,0.013816080423992311,0.12505411609702663,0.5795735674715475,0.05488550049387919,0.025272248972203502,0.038023143875430584,0.16415427737794516,0.01105330382794696,0.053867776159800575,0.038727591182310464,0.641792600976528,0.010952396270120639,0.04067361276740203,0.12137464574660424,0.018815565633885957,0.21647234317313901,0.006274651160104952,0.9009493632326573,0.0,0.0002702748021076914,0.006992650570443249,0.22643438066849794,0.13562974974863268,0.967018244994273,0.022313058730902217,0.4362234183357991,0.00033072513745613076,0.0032258875458935727,0.004189410334541809,0.07588567020080372,0.007712729999255774,0.0,0.0,0.0,0.0,0.0,0.0,0.0,0.0,0.0021720437976148455,0.2011257020835159,0.00022459083376253513,0.9455343360105187,0.00016834950088094535,0.0023627393336390326,0.15650643639630704,0.0,0.07041688591216624,0.29189882989845567,0.02291130036069699,0.01840578691490475,0.30285048843958695
HoH13_lipophil,0.0026333397958765606,0.42372103454903287,0.0,0.08048991154879397,0.014333060531425199,0.019741932246301688,0.005359812797124901,0.005560885866325087,0.030063076809312833,0.006857794807564444,0.0023821312537504126,0.11525336512905027,0.438608664875634,0.026405385099957372,0.0021983201708100763,0.007994502808504653,0.0,0.0030762170102291253,0.012009766927714802,0.004498080653465928,0.0012978143330956006,0.5217412321403319,0.0011173309902562031,0.008134842871030796,0.0016206327288090128,0.05358637372085381,0.007935256224178882,0.003127459280544518,0.05692348697660936,0.4313661149747066,6.81410445989485e-05,0.014340100150739077,0.0015139702370146517,0.003341343006825377,0.000765282410733804,0.0010425473786708688,0.003213468072570021,0.0004546208013885602,0.9851848437472415,0.0,0.0027538658914488564,0.14932698390413018,0.17376116173168368,0.0004796179060122613,0.0058312227874281345,0.00021445958054860888,0.957761685599596,0.0009517592193569249,0.0007038597792245218,0.046459122301484156,0.0,0.0,0.0,0.0,0.0,0.0,0.0,0.0,0.0,0.00015177554622887622,0.0032662440161143327,5.14956521177273e-05,0.0,0.9536085493441441,0.0009074284238959656,0.1947240882520532,0.0,0.007443674753346117,0.057926573225791256,0.0015488695776072281,0.008497483848012844,0.37152208122475877
HoH13_peptidergic,0.008332254726359598,0.011123348414264086,0.004490997763570307,0.004267095205203445,0.09457117589497735,0.0081377773115032,0.0442011823455562,0.22419122601932134,0.03588170496217135,0.03939666757210877,0.027480799908084986,0.010961045685510309,0.004683400723026167,0.0114114297404659,0.0015291981612033617,0.3201532464830814,0.007670125056444639,0.3694681029412082,0.0014773055821708614,0.25322229407018787,0.15151620898281642,0.06678521580182366,0.010050387825612555,0.19573599629533284,0.013794353326157836,0.2742272087499518,0.08880933663713965,0.007064733842740473,0.009926836379806772,0.011168380566609081,0.02990901018199907,0.22851306232141835,0.12497921261201869,0.015203651677092266,0.012472908026982235,0.005135130517315381,0.015712078143834084,0.001899668008999187,0.0009280713096957686,0.8825164910978233,0.8237295766324181,0.011164123836153056,0.021978576837079697,0.0005504861683877329,0.046070447373390305,0.001364993775399709,0.0008941639514064507,0.844634779884532,0.5069820723863139,0.004376553321518358,0.005243330205963367,0.0,0.0,0.0,0.0,0.0,0.0,0.0,0.0,0.01489340650409387,0.012911242987489788,0.00035752807155169255,0.00258109790632378,0.0014604833259382302,0.9293863882059459,0.007537701883101923,0.0016911280307431048,0.1064659841511904,0.04055223132333962,0.22480019666059564,0.012227310212620461,0.12916452192075678
HoH13_trans,0.0753103806886618,0.06768854422432138,0.05513278364961671,0.2116919144583275,0.05722951768556811,0.058504327415188476,0.030859070479904015,0.12716654484295478,0.03905735541001274,0.005567322822733619,0.03645907991721069,0.048389822242388025,0.09979218888068207,0.19163661891029443,0.08063680111987108,0.031210226337879267,0.001674173583209564,0.08622262347083656,0.03144869294738536,0.09942630756032492,0.002527086432683617,0.281877454284135,0.16538211014491278,0.028849491507153657,0.04686552623318226,0.028802195291061296,0.022514120356471157,0.015616277269307347,0.13555628693824487,0.08805920404552357,0.11224816745693364,0.015720505348642545,0.08909666310727551,0.09468075057589562,0.36312603213002986,0.038917820498324214,0.010887623076439513,0.1768040479977823,0.02293836790407601,0.0017126113109587264,0.023548180091599112,0.12572588006758784,0.5015883921859895,0.06194292157338038,0.021107690571226682,0.09442096476349092,0.03515329484533819,0.009864592686108333,0.09260947153571764,0.08484866329643681,0.002010657138716593,0.0,0.0,0.0,0.0,0.0,0.0,0.0,0.0,0.35974358891112257,0.045708717023059744,0.03197316889662909,0.14037193839697668,0.09659394824387339,0.01375679738004217,0.4146652759748939,0.0009034694267669554,0.01579721887926328,0.0270735984981287,0.03272652293113447,0.11841698652909909,0.2782866900346466
HoH13_unknown_1,0.0011627138114599495,0.0009319011204634,0.0,0.020045419249998062,0.07520603986089963,0.00044185838716131944,0.025700602095536894,0.04404340718327311,0.04451539018962544,0.003611239673385238,0.0,0.0028618955496015883,0.08204762150878137,0.08121867671172331,0.0002167292744163014,0.000257647363867678,0.0,0.011967213592724676,0.0021578581840302462,0.012430214999695396,0.006492766618530833,0.3443758535386959,0.0012430037031418127,0.00016176190322007104,0.0008489167744489566,0.05479448808421803,0.007336742974118332,0.0,0.05874285417777035,0.0023245400280143425,0.0,0.0,0.0094313551049026,0.004046342005497461,0.009557445593125212,0.0,0.01295780826080917,0.0,0.02912894494070581,0.0,0.0028251760550404496,0.01025118910895385,0.0027793121050330785,0.0,0.00012003504448486331,0.0,0.0,0.0,0.001766725619495957,0.001027517820129915,0.9256601417539153,0.0,0.0,0.0,0.0,0.0,0.0,0.0,0.0,0.0035856251384081884,0.0,0.0,0.0,0.001652187509530519,0.0,0.00010518061897049101,0.9593473983674171,0.0011275471346688193,0.00020254952361364775,0.0010583284565402363,0.002593312500288775,0.056178400312722455
ClH23_epithelia,0.10110685345723076,0.10376817569718817,0.022629102950222447,0.23227659314245827,0.17048959816121814,0.08518771828864871,0.29559140688825497,0.2949532182910377,0.2747113531201482,0.024086004898907894,0.09530292878002287,0.11262277492850155,0.1263756960909489,0.417776086632922,0.04637794870768046,0.07807371061208399,0.01604273471038522,0.21259009080431118,0.2322570757432189,0.08177067550479566,0.034657389151411866,0.31605412922977366,0.13240406008517103,0.14648709359180184,0.368688020521363,0.13594358755009026,0.2340354489337641,0.015967863622723993,0.3638528268954705,0.04685886885639906,0.015005369824777546,0.11568456515128585,0.18155681695708784,0.15776859681381988,0.8059130718773158,0.2033617145553827,0.004099075670988271,0.0008905492019313316,0.000123782629250425,0.02060666553232702,0.11289956446482745,0.3742442105097378,0.5512261040537036,0.0007419419812216474,0.05691199924371115,0.006990450278344593,0.0003197178278124581,0.009283245706180563,0.4719754660107768,0.46482056369604896,0.0014384135108385981,0.8873323221197416,0.35665417586112724,0.0007900533769708333,0.0021720437976148455,0.00015177554622887622,0.01489340650409387,0.35974358891112257,0.0035856251384081884,0.0,0.0,0.0,0.0,0.0,0.0,0.0,0.0,0.23464998826504999,0.02844365801927378,0.3915834022362342,0.60043004290738,0.25319543290934793
ClH23_epithelia_gland_like,0.07814687873262299,0.028726736568497314,0.009812386115827085,0.06237206034886866,0.3124368655137844,0.19194483919567837,0.24335889466826108,0.2040164240705249,0.3584018389755826,0.07950703294218749,0.014080353808079843,0.15608739165776078,0.1129840731661859,0.23121985797833178,0.05805981416845327,0.03665156534901116,0.027714196596657265,0.03601171969843732,0.013957899869381993,0.05075539738469733,0.08369521348804873,0.26304131607393766,0.12170612094654028,0.04496626051554839,0.06069870872197515,0.039872216721065286,0.13478974875023772,0.019089428227168338,0.06878513862153846,0.05949763253435284,0.046695424733725635,0.05774694991653143,0.23054355134719967,0.35464705902494875,0.5471081179087768,0.48739015007832764,0.043137855655694876,0.10886245837173572,0.0031342318322445605,0.00022702389170221947,0.0035043878584659245,0.09143314478165329,0.6253302282917248,0.033156879331967884,0.17283379304930574,0.020576150340467152,0.00420785772691626,0.002366157785726524,0.0037379483722052706,0.05374892200180449,0.0021454229228272457,0.18969766410576722,0.5167933983759098,0.0005147637685031318,0.2011257020835159,0.0032662440161143327,0.012911242987489788,0.045708717023059744,0.0,0.0,0.0,0.0,0.0,0.0,0.0,0.0,0.0,0.06685203918043564,0.29318423156467277,0.0017992555261474492,0.12596228215486602,0.3827996893790456
ClH23_fibre,0.026060875256449394,0.21044311470775484,0.00160518852546208,0.2667571563959124,0.007451612384750075,0.008918186711233806,0.005033853483070247,0.00696012297644501,0.004682342465498861,0.002108538064990773,0.0,0.015299341504432133,0.004557207528744852,0.014143056773315427,0.5661708507470895,0.0007710414983473087,0.0035787242260605923,0.0014571710775768115,0.009987679651846925,0.0008250573657445513,0.011173424677881703,0.3900304371314759,0.1015713233238662,0.00331990003049294,0.001358492363069922,0.00428816197394082,0.004667596198133837,0.010666922229073186,0.0020825585966833616,0.4758544079087078,0.00021340656997958178,0.02753589728019949,0.0013072757619831624,0.014715718247420203,0.001056366631838454,0.0002471506790524298,0.6681989003749285,0.10484712667795024,2.5445695290863395e-05,0.0,0.00026826826116517195,0.12703693260005897,0.007054993329629658,0.0,0.43545726738008883,0.5814052581371677,3.719475360407845e-05,0.0028097080563376843,0.003672504458781198,0.2088253247774523,0.005623923401446286,0.0003546491904416655,0.0006439656493600267,0.962401061609433,0.00022459083376253513,5.14956521177273e-05,0.00035752807155169255,0.03197316889662909,0.0,0.0,0.0,0.0,0.0,0.0,0.0,0.0,0.0,0.0,0.04575035788826527,0.0036839610367846174,0.00849407679874319,0.4507197361561319
ClH23_gland,0.16130955596367474,0.09473211751850309,0.03153013201336948,0.38560618658846313,0.11179589017975175,0.12371827207973592,0.10796967018266883,0.07313685255526181,0.13266138986126585,0.05382851806414862,0.00425929756471225,0.07476906374761984,0.05239368494040826,0.07542820838862199,0.050600994232062727,0.008112587167294013,0.008094442132717518,0.01877378639059637,0.0048427789299662904,0.48396251954257136,0.020402454549604803,0.13160545280560534,0.5029801327722939,0.05342154410500814,0.03890993601319684,0.03763809279851537,0.13289638283380492,0.009299352467322303,0.0506874361368115,0.04286185299285838,0.5268118504770462,0.012852177009220847,0.06555691186012721,0.1094683986972691,0.014208361561213098,0.19197382460172852,0.029865067010071827,0.9086689980529774,0.0,0.0,0.007297787890761538,0.22978655163547695,0.21891391197051427,0.9707164692473602,0.043983366574992064,0.444952135111614,0.00031485592192794355,0.004189764900316071,0.003163486287818576,0.05935232832205121,0.007684353006118197,0.0015941090926252087,0.06882343205315826,0.0001818823458062834,0.9455343360105187,0.0,0.00258109790632378,0.14037193839697668,0.0,0.0,0.0,0.0,0.0,0.0,0.0,0.0,0.0,0.08222126170264002,0.37286540907687143,0.01279677253925319,0.03966762462294687,0.38194180727548793
ClH23_lipophil,0.0018515863104000823,0.4016492778699668,0.0,0.1014036701073554,0.017603424623352106,0.009535508716448418,0.0071629322100164265,0.008485049113648623,0.02883489554568962,0.00507902507401538,0.0017283646145882666,0.0921791858931911,0.4107467624077433,0.04562737981972467,0.00198575084996755,0.007939715910910928,0.0,0.001148254962395906,0.0024513385239517856,0.0032516661739914986,0.0013626668923064295,0.5217932685154347,0.005385400648589426,0.0072255467584130696,0.0023439728373781652,0.039763014036073706,0.01110348555572762,0.0023415914119794814,0.03306500851846209,0.45229939141867676,0.00033780348465209294,0.016708472847979126,0.002595662547201582,0.006650436691453552,0.0067014004698902315,0.0011229000001899921,0.001249379502972318,0.0004269466081040831,0.9569921632545417,0.0,0.002591865756356634,0.10677068917243485,0.17956410808793427,5.6431463598918656e-05,0.005606739476847947,0.0012642262038615642,0.9331099198089733,0.0009765967992051007,0.001670175667325974,0.036786647448469795,0.0,0.0021530864855871996,0.0025508674601877916,0.0015611381096845907,0.00016834950088094535,0.9536085493441441,0.0014604833259382302,0.09659394824387339,0.001652187509530519,0.0,0.0,0.0,0.0,0.0,0.0,0.0,0.0,0.0006628879453620576,0.06461212790552709,0.0002649405633087799,0.0022334277316287533,0.3501462103362899
ClH23_peptidergic,0.004568284349786111,0.0037227419327067078,0.0,0.0026616155379883236,0.09385536226747457,0.00111953951755658,0.04528342729927431,0.2671768846520311,0.015200941712897145,0.001508801998294441,0.011056436117100067,0.00930250620039384,0.003942326399366918,0.014175615211257106,0.00137124129305868,0.11578989300475032,0.0004135829647272164,0.3821195048485171,0.0008457005358253541,0.2498172906778091,0.06084187032548695,0.06398328349357996,0.010856837140740015,0.16959467803324227,0.01976521195485317,0.24494332981374883,0.08763184714260641,0.00044640652992621,0.009942431879726765,0.011191681366821684,0.03698672732885129,0.2221602765096312,0.09916989247092196,0.016127744778772008,0.027633478896815878,0.006611008164358306,0.0003326016545892882,0.0010803897047160444,0.0009521414959402436,0.8307755848134699,0.8381153345270217,0.011814761524548795,0.025995103554737747,0.002040889060877072,0.013419634838994365,0.0012738065945199317,0.0010966389004993973,0.9337975621435906,0.4651052650047259,0.0045701311660320465,0.00523369527586629,0.03478891708202841,0.003498972374295068,0.00048673032819651125,0.0023627393336390326,0.0009074284238959656,0.9293863882059459,0.01375679738004217,0.0,0.0,0.0,0.0,0.0,0.0,0.0,0.0,0.0,0.01263288282409041,0.04660908978575234,0.15265671401695152,0.016739246473118887,0.09081219057000799
ClH23_trans,0.09631778159473472,0.13737624518287225,0.06551551434229078,0.22915559606690777,0.06455636248063071,0.06679568728477481,0.03823703567011881,0.06994238064577038,0.04268698451252208,0.006606923864371448,0.0053073543052474595,0.055534913439180475,0.18811421940284753,0.07959749687029063,0.12670374139122875,0.029474638343951885,0.0008686106718036098,0.030971771365592298,0.018125362876833688,0.10338153414010458,0.0018316510433851751,0.35975697618633007,0.15812015851164524,0.024429230555000864,0.018099043257205856,0.03162476157603216,0.0243487027928383,0.021294486273752338,0.1045527523850033,0.20413255689745227,0.11309497731112442,0.02694305845056416,0.01434265336920398,0.06497758379925009,0.12448019764298632,0.0299067164798493,0.08862952657644531,0.15297613752728323,0.10366278060197828,0.0008601462697606083,0.013377929529738878,0.22969927014771674,0.40513882043352406,0.06437292247539665,0.06816649060005944,0.09795780702219371,0.13363757678426672,0.004451437207510359,0.018207101040184942,0.1554353284342641,0.002431783937450529,0.04885349547140315,0.006885350454045353,0.11505239328927316,0.15650643639630704,0.1947240882520532,0.007537701883101923,0.4146652759748939,0.00010518061897049101,0.0,0.0,0.0,0.0,0.0,0.0,0.0,0.0,0.02377505777198863,0.0443559102347864,0.01042281780192442,0.028640439457401627,0.3897291014532088
ClH23_unknown_1,0.0,0.0006068126572817808,0.0,0.004007291620717261,0.025346640426287897,0.0007525091222906264,0.002710666839801579,0.09673493527279237,0.04582844874878684,0.0,0.0,0.005304003308636735,0.07784940610840543,0.16592988615254686,0.004122436695716636,4.8372533378632735e-05,0.0,0.002978533070960553,0.0002627397835864718,0.009890327566010092,0.002434628042977573,0.29921019870185056,0.027250081824569106,0.0,1.0148301883989376e-05,0.034819355271621416,0.06050242216366849,0.0,0.017341632517263745,0.05427013172888875,0.0,0.0008968459609947776,0.001682462552072458,0.007104415898352643,0.01965801223751628,0.0006282053355426479,0.028091438484925506,0.0007504179301052378,0.023703446540721936,0.0,0.0,0.005358436054882023,0.00519758094189958,0.0,0.006897210513172524,0.005748067250699597,0.0001155448226699925,0.0,0.0022265714844648737,9.411626213565778e-05,0.9570315450874174,0.011242339957940226,0.0003719014782379022,0.0062120288014546115,0.0,0.0,0.0016911280307431048,0.0009034694267669554,0.9593473983674171,0.0,0.0,0.0,0.0,0.0,0.0,0.0,0.0,0.0,0.0014358382651971772,0.00060726859972195,0.002573235401037187,0.0752217470828386
Spla_Amoeboid-Neuroid,0.0007445215527525424,0.007393130928905585,0.0,0.036587808727635146,0.11697818738798893,0.00796507347959712,0.08138280589938464,0.2863450700776624,0.10856578569865649,0.02718414834527077,0.0010484757159092378,0.0014214214077329615,0.025255650416345428,0.06987043825539123,0.032993804254122364,0.00027101392787242073,0.0003233235808934642,0.19644727656023137,0.00621022866416703,0.014364290137603564,0.03137480163990333,0.13370584056824103,0.046371611235489316,0.005157085646229511,0.018871779056783382,0.11666330308926338,0.0859667791925711,0.0006217698917887435,0.06304011540338303,0.04580575711391635,0.0006017098429182203,0.1810136136524718,0.05024282186071292,0.12105293898426435,0.19280410319476424,0.03458599733369543,0.014875414443588008,0.028210373793482752,0.01275846336911271,0.08209413092972218,0.025379573723156534,0.054565399553722825,0.10883780803655074,0.00047128903225059283,0.20341910965125076,0.011015623473438619,0.012559628515240525,0.03452924085076192,0.008928284034825847,0.015088930483274523,0.00041832067399145414,0.15342128989593054,0.0801880946410573,0.007324325047212368,0.07041688591216624,0.007443674753346117,0.1064659841511904,0.01579721887926328,0.0011275471346688193,0.23464998826504999,0.06685203918043564,0.0,0.08222126170264002,0.0006628879453620576,0.01263288282409041,0.02377505777198863,0.0,0.0,0.0,0.0,0.0,0.0
Spla_Archeocytes and relatives,0.08195465541471925,0.03170170517497108,0.0020506839528014378,0.04079992876371076,0.4920707496936859,0.1613396493260926,0.29001180183145253,0.039866300107791706,0.2793946303538729,0.34195797661045646,0.004215186087592025,0.024057655585690448,0.03770780024936243,0.0921409054923842,0.03036557470857536,0.020714924484829603,0.006388951418442622,0.05505091714981856,0.009083865137953954,0.04578400776742776,0.30594781723087344,0.1897017090618262,0.036540203072835654,0.015810078472717256,0.009043242220773537,0.11921691573866015,0.02295379567241804,0.015558524328285108,0.04588124108357284,0.07626069575837675,0.021765572828774782,0.2145084858461125,0.06566513865092208,0.4627493164912684,0.3543288411055879,0.13486845946323836,0.08200137014902203,0.09024781397728308,0.08346750327324924,0.005827472931521907,0.04633867176256211,0.2695184834397194,0.026766579768053085,0.007311187737875739,0.641498244536396,0.02727932477782184,0.07070185548982823,0.022568160443958516,0.03671454210084484,0.02209510126448712,0.0010636934027989818,0.044202504311703285,0.2298606359122548,0.01599153859749405,0.29189882989845567,0.057926573225791256,0.04055223132333962,0.0270735984981287,0.00020254952361364775,0.02844365801927378,0.29318423156467277,0.04575035788826527,0.37286540907687143,0.06461212790552709,0.04660908978575234,0.0443559102347864,0.0014358382651971772,0.0,0.0,0.0,0.0,0.0
Spla_Endymocytes,0.0075168160933336585,0.02688103115523343,0.0,0.15052822047177533,0.06788313876001076,0.0002748010836835331,0.01470678416253821,0.39622613275209345,0.003359484555834518,0.0003413222787677896,0.009034527539066164,0.02043692312538895,0.010446861962351154,0.02043015582412782,0.08791666744116138,0.003794290519333856,0.07263954451395747,0.33159577810185625,0.052623506016702494,0.0431453762106131,0.0011593078734281254,0.33502923268480295,0.041170275067715895,0.030436030996175645,0.0055907478500491405,0.1497279806996532,0.013276072830306893,0.005109380936806799,0.2579797276750602,0.08401016317982281,0.019327846282564263,0.09877948239095055,0.025186590799843273,0.03022674196045813,0.18578257473301668,0.003847105586844619,0.008181053232048026,0.014319578685754366,0.010760762546896573,0.03705950754643894,0.22001495037861757,0.049450699062920975,0.2985456289523477,0.008252906707444595,0.05324506536286357,0.009772767134261654,0.004124187425544537,0.20290256901744658,0.09313280263755067,0.0034711813832474306,0.0019387611871010944,0.227000408844043,0.006759480692653415,0.011901935301090981,0.02291130036069699,0.0015488695776072281,0.22480019666059564,0.03272652293113447,0.0010583284565402363,0.3915834022362342,0.0017992555261474492,0.0036839610367846174,0.01279677253925319,0.0002649405633087799,0.15265671401695152,0.01042281780192442,0.00060726859972195,0.0,0.0,0.0,0.0,0.0
Spla_Peptidocytes,0.013931622913140502,0.030638010566349638,0.0,0.2172773573984895,0.06241554214291053,0.013775922020627865,0.01768555013885017,0.423051864020248,0.10182992272329228,0.0028805875066257197,0.07685135615767053,0.12610653665762242,0.14325275511206276,0.3544000216573129,0.15991555487968245,0.008650793024047223,0.22754431786478513,0.11813018546835663,0.006892546452358988,0.02843169558744902,0.0030779367546418905,0.20886574600003427,0.1309869365785618,0.017589765995689222,0.4235139403320112,0.050569979376312635,0.04183506799117895,0.00021192710082316817,0.07741017280685916,0.18399426608771727,0.00381034669732896,0.243551309805519,0.1940802025488916,0.06822484046967653,0.4887143263868543,0.05008524127085725,0.03443465814892903,0.021760399290774557,0.029814872024888788,0.013370022899342396,0.01685279017847767,0.1139542807396134,0.47008188999524414,0.07423005315971037,0.08861443971865043,0.0326327451753335,0.011449436949453471,0.013115796904967733,0.023183420267148265,0.11706793040953294,0.00040907079012963965,0.5383393714791798,0.0844476401707747,0.04212582159293267,0.01840578691490475,0.008497483848012844,0.012227310212620461,0.11841698652909909,0.002593312500288775,0.60043004290738,0.12596228215486602,0.00849407679874319,0.03966762462294687,0.0022334277316287533,0.016739246473118887,0.028640439457401627,0.002573235401037187,0.0,0.0,0.0,0.0,0.0
Spla_transitional,0.39818551776185507,0.39164829159556,0.1580957164236016,0.2599930565527901,0.39009710391854696,0.47892178079067993,0.4943469079996288,0.42309122152078943,0.3964027321936665,0.19251251480812356,0.01909697614120716,0.2522767058266406,0.3485477513804863,0.32827190852282556,0.4322952812302782,0.2682501637342167,0.03703205796776017,0.21351686303395087,0.5181399745659282,0.20631353085665358,0.1706916176026481,0.4364387817983844,0.33078201358553866,0.27284352311812954,0.15564942657899314,0.319860986993851,0.4039062045774388,0.07671741078123372,0.3993766395876339,0.39258796294581066,0.1814189005362357,0.16074716767628083,0.34576340362555147,0.4055134884354329,0.3841413602655299,0.3878092897524115,0.35958515126698276,0.3628040246258698,0.422062239397219,0.12545975446541585,0.11034781614858344,0.3557417421350504,0.26585135763095524,0.24546835795498706,0.4181972808808088,0.3591976878154016,0.45375857209074316,0.06866848619828674,0.2208384638154553,0.3773493929271717,0.11210801420442078,0.2067164993327685,0.402491125536481,0.4517865051645119,0.30285048843958695,0.37152208122475877,0.12916452192075678,0.2782866900346466,0.056178400312722455,0.25319543290934793,0.3827996893790456,0.4507197361561319,0.38194180727548793,0.3501462103362899,0.09081219057000799,0.3897291014532088,0.0752217470828386,0.0,0.0,0.0,0.0,0.0
