	Spla	ClH23	HoH13	TrH2	TrH1	Auco	Clhe	Neve	Dare
Spla	0.0	0.04101417342949154	0.044728869757869494	0.043874518511139105	0.024284783171579116	0.00851588249013413	0.003698891201047161	0.03905322420568946	0.04255519430280297
ClH23	0.04101417342949154	0.0	0.000784953780621378	0.001009894087594776	0.0030441705625809945	0.020319454844275553	0.02656130898698139	0.0018163430447410978	0.001162817669421612
HoH13	0.044728869757869494	0.000784953780621378	0.0	0.0003594546280842881	0.0036364047381995945	0.02251345732232557	0.029576759406480857	0.0010991255389370957	0.000380601972378658
TrH2	0.043874518511139105	0.001009894087594776	0.0003594546280842881	0.0	0.0036415420182531744	0.022841454285969398	0.029279854043269493	0.0016733009156391088	0.0007323026797592114
TrH1	0.024284783171579116	0.0030441705625809945	0.0036364047381995945	0.0036415420182531744	0.0	0.008828749195129104	0.013609844686120254	0.0022982100495911872	0.002898227140951337
Auco	0.00851588249013413	0.020319454844275553	0.02251345732232557	0.022841454285969398	0.008828749195129104	0.0	0.0041248766454358154	0.01714733060086604	0.02015504084962627
Clhe	0.003698891201047161	0.02656130898698139	0.029576759406480857	0.029279854043269493	0.013609844686120254	0.0041248766454358154	0.0	0.025295084229593257	0.02776767552623316
Neve	0.03905322420568946	0.0018163430447410978	0.0010991255389370957	0.0016733009156391088	0.0022982100495911872	0.01714733060086604	0.025295084229593257	0.0	0.00040247784746438864
Dare	0.04255519430280297	0.001162817669421612	0.000380601972378658	0.0007323026797592114	0.002898227140951337	0.02015504084962627	0.02776767552623316	0.00040247784746438864	0.0
