Orthogroup_ID	species	phylum	display_order	protein_id	esm_id
OG0000036	Auco	Cnidaria	6	XLOC-003289#KCNC1-HUMAN#P48547	Auco__XLOC-003289#KCNC1-HUMAN#P48547
OG0000036	Auco	Cnidaria	6	XLOC-003330#KCNAW-DROME#P17972	Auco__XLOC-003330#KCNAW-DROME#P17972
OG0000036	Auco	Cnidaria	6	XLOC-003641#KCNAL-DROME#P17971	Auco__XLOC-003641#KCNAL-DROME#P17971
OG0000036	Auco	Cnidaria	6	XLOC-003896#KCNAW-DROME#P17972	Auco__XLOC-003896#KCNAW-DROME#P17972
OG0000036	Auco	Cnidaria	6	XLOC-005565#KCNA1-HUMAN#Q09470	Auco__XLOC-005565#KCNA1-HUMAN#Q09470
OG0000036	Auco	Cnidaria	6	XLOC-005680#KCNA5-MUSPF#P79197	Auco__XLOC-005680#KCNA5-MUSPF#P79197
OG0000036	Auco	Cnidaria	6	XLOC-005713#KCNA1-ONCMY#Q9I829	Auco__XLOC-005713#KCNA1-ONCMY#Q9I829
OG0000036	Auco	Cnidaria	6	XLOC-009107#KCNA1-HUMAN#Q09470	Auco__XLOC-009107#KCNA1-HUMAN#Q09470
OG0000036	Auco	Cnidaria	6	XLOC-009375#KCNA1-ONCMY#Q9I829	Auco__XLOC-009375#KCNA1-ONCMY#Q9I829
OG0000036	Auco	Cnidaria	6	XLOC-009568#KCNA1-MOUSE#P16388	Auco__XLOC-009568#KCNA1-MOUSE#P16388
OG0000036	Auco	Cnidaria	6	XLOC-010047#KCNC1-MOUSE#P15388	Auco__XLOC-010047#KCNC1-MOUSE#P15388
OG0000036	Auco	Cnidaria	6	XLOC-010099#KCNA1-HUMAN#Q09470	Auco__XLOC-010099#KCNA1-HUMAN#Q09470
OG0000036	Auco	Cnidaria	6	XLOC-010401#KCNAS-DROME#P08510	Auco__XLOC-010401#KCNAS-DROME#P08510
OG0000036	Auco	Cnidaria	6	XLOC-010522#KCNC1-HUMAN#P48547	Auco__XLOC-010522#KCNC1-HUMAN#P48547
OG0000036	Auco	Cnidaria	6	XLOC-010630#KCA10-CHICK#Q7T199	Auco__XLOC-010630#KCA10-CHICK#Q7T199
OG0000036	Auco	Cnidaria	6	XLOC-010968#KCNA1-ONCMY#Q9I829	Auco__XLOC-010968#KCNA1-ONCMY#Q9I829
OG0000036	Auco	Cnidaria	6	XLOC-011445#KCNA2-RABIT#Q09081	Auco__XLOC-011445#KCNA2-RABIT#Q09081
OG0000036	Auco	Cnidaria	6	XLOC-012855#KCNB2-BOVIN#Q4ZHA6	Auco__XLOC-012855#KCNB2-BOVIN#Q4ZHA6
OG0000036	Auco	Cnidaria	6	XLOC-012856#KCNB1-MOUSE#Q03717	Auco__XLOC-012856#KCNB1-MOUSE#Q03717
OG0000036	Auco	Cnidaria	6	XLOC-014487#KCND1-MOUSE#Q03719	Auco__XLOC-014487#KCND1-MOUSE#Q03719
OG0000036	Auco	Cnidaria	6	XLOC-016576#KCNAS-DROME#P08510	Auco__XLOC-016576#KCNAS-DROME#P08510
OG0000036	Auco	Cnidaria	6	XLOC-019912#KCND1-MOUSE#Q03719	Auco__XLOC-019912#KCND1-MOUSE#Q03719
OG0000036	Auco	Cnidaria	6	XLOC-020142#KCA10-CHICK#Q7T199	Auco__XLOC-020142#KCA10-CHICK#Q7T199
OG0000036	Auco	Cnidaria	6	XLOC-021753#KCNA1-HUMAN#Q09470	Auco__XLOC-021753#KCNA1-HUMAN#Q09470
OG0000036	Auco	Cnidaria	6	XLOC-023966#KCNA4-HUMAN#P22459	Auco__XLOC-023966#KCNA4-HUMAN#P22459
OG0000036	Auco	Cnidaria	6	XLOC-024225#KCNA1-ONCMY#Q9I829	Auco__XLOC-024225#KCNA1-ONCMY#Q9I829
OG0000036	Auco	Cnidaria	6	XLOC-025480#KCNA1-HUMAN#Q09470	Auco__XLOC-025480#KCNA1-HUMAN#Q09470
OG0000036	Auco	Cnidaria	6	XLOC-026080#KCNA1-ONCMY#Q9I829	Auco__XLOC-026080#KCNA1-ONCMY#Q9I829
OG0000036	Auco	Cnidaria	6	gene-evm.model.ptg000015l.85#KCNAS-DROME#P08510	Auco__gene-evm.model.ptg000015l.85#KCNAS-DROME#P08510
OG0000036	Auco	Cnidaria	6	gene-evm.model.ptg000020l.128#KCA10-CHICK#Q7T199	Auco__gene-evm.model.ptg000020l.128#KCA10-CHICK#Q7T199
OG0000036	Auco	Cnidaria	6	gene-evm.model.ptg000020l.562#KCND1-MOUSE#Q03719	Auco__gene-evm.model.ptg000020l.562#KCND1-MOUSE#Q03719
OG0000036	Auco	Cnidaria	6	gene-evm.model.ptg000027l.31#KCNA1-ONCMY#Q9I829	Auco__gene-evm.model.ptg000027l.31#KCNA1-ONCMY#Q9I829
OG0000036	ClH23	Placozoa	2	HoiH23-PlH23-001059	ClH23__HoiH23-PlH23-001059
OG0000036	ClH23	Placozoa	2	HoiH23-PlH23-002305	ClH23__HoiH23-PlH23-002305
OG0000036	ClH23	Placozoa	2	HoiH23-PlH23-007556	ClH23__HoiH23-PlH23-007556
OG0000036	ClH23	Placozoa	2	HoiH23-PlH23-008608	ClH23__HoiH23-PlH23-008608
OG0000036	Clhe	Cnidaria	7	TRINITY-DN10324-c0-g1-i1	Clhe__TRINITY-DN10324-c0-g1-i1
OG0000036	Clhe	Cnidaria	7	TRINITY-DN19217-c0-g2-i1	Clhe__TRINITY-DN19217-c0-g2-i1
OG0000036	Clhe	Cnidaria	7	TRINITY-DN20283-c0-g1-i1	Clhe__TRINITY-DN20283-c0-g1-i1
OG0000036	Clhe	Cnidaria	7	TRINITY-DN32679-c0-g1-i2	Clhe__TRINITY-DN32679-c0-g1-i2
OG0000036	Clhe	Cnidaria	7	TRINITY-DN54338-c0-g1-i1	Clhe__TRINITY-DN54338-c0-g1-i1
OG0000036	Clhe	Cnidaria	7	TRINITY-DN5757-c0-g1-i1	Clhe__TRINITY-DN5757-c0-g1-i1
OG0000036	Clhe	Cnidaria	7	TRINITY-DN9936-c0-g1-i7	Clhe__TRINITY-DN9936-c0-g1-i7
OG0000036	Clhe	Cnidaria	7	TRINITY-DN9936-c0-g1-i8	Clhe__TRINITY-DN9936-c0-g1-i8
OG0000036	Clhe	Cnidaria	7	XLOC-000329	Clhe__XLOC-000329
OG0000036	Clhe	Cnidaria	7	XLOC-002358	Clhe__XLOC-002358
OG0000036	Clhe	Cnidaria	7	XLOC-006313	Clhe__XLOC-006313
OG0000036	Clhe	Cnidaria	7	XLOC-007497	Clhe__XLOC-007497
OG0000036	Clhe	Cnidaria	7	XLOC-008252	Clhe__XLOC-008252
OG0000036	Clhe	Cnidaria	7	XLOC-010335	Clhe__XLOC-010335
OG0000036	Clhe	Cnidaria	7	XLOC-010378	Clhe__XLOC-010378
OG0000036	Clhe	Cnidaria	7	XLOC-010929	Clhe__XLOC-010929
OG0000036	Clhe	Cnidaria	7	XLOC-011480	Clhe__XLOC-011480
OG0000036	Clhe	Cnidaria	7	XLOC-016522	Clhe__XLOC-016522
OG0000036	Clhe	Cnidaria	7	XLOC-017521	Clhe__XLOC-017521
OG0000036	Clhe	Cnidaria	7	XLOC-019017	Clhe__XLOC-019017
OG0000036	Clhe	Cnidaria	7	XLOC-023717	Clhe__XLOC-023717
OG0000036	Clhe	Cnidaria	7	XLOC-025783	Clhe__XLOC-025783
OG0000036	Clhe	Cnidaria	7	XLOC-030727	Clhe__XLOC-030727
OG0000036	Clhe	Cnidaria	7	XLOC-030867	Clhe__XLOC-030867
OG0000036	Clhe	Cnidaria	7	XLOC-033080	Clhe__XLOC-033080
OG0000036	Clhe	Cnidaria	7	XLOC-033798	Clhe__XLOC-033798
OG0000036	Clhe	Cnidaria	7	XLOC-036960	Clhe__XLOC-036960
OG0000036	Clhe	Cnidaria	7	XLOC-044126	Clhe__XLOC-044126
OG0000036	Clhe	Cnidaria	7	XLOC-045123	Clhe__XLOC-045123
OG0000036	Dare	Bilateria	9	NP-001076280.1	Dare__NP-001076280.1
OG0000036	Dare	Bilateria	9	NP-001076336.1	Dare__NP-001076336.1
OG0000036	Dare	Bilateria	9	NP-001104640.1	Dare__NP-001104640.1
OG0000036	Dare	Bilateria	9	NP-001119942.1	Dare__NP-001119942.1
OG0000036	Dare	Bilateria	9	NP-001122197.1	Dare__NP-001122197.1
OG0000036	Dare	Bilateria	9	NP-001124098.1	Dare__NP-001124098.1
OG0000036	Dare	Bilateria	9	NP-001182126.1	Dare__NP-001182126.1
OG0000036	Dare	Bilateria	9	NP-001182169.1	Dare__NP-001182169.1
OG0000036	Dare	Bilateria	9	NP-001182170.1	Dare__NP-001182170.1
OG0000036	Dare	Bilateria	9	NP-001349557.1	Dare__NP-001349557.1
OG0000036	Dare	Bilateria	9	NP-001410975.1	Dare__NP-001410975.1
OG0000036	Dare	Bilateria	9	NP-956096.1	Dare__NP-956096.1
OG0000036	Dare	Bilateria	9	XP-002667319.1	Dare__XP-002667319.1
OG0000036	Dare	Bilateria	9	XP-003198877.1	Dare__XP-003198877.1
OG0000036	Dare	Bilateria	9	XP-003201808.1	Dare__XP-003201808.1
OG0000036	Dare	Bilateria	9	XP-005156402.1	Dare__XP-005156402.1
OG0000036	Dare	Bilateria	9	XP-005156403.1	Dare__XP-005156403.1
OG0000036	Dare	Bilateria	9	XP-005157014.1	Dare__XP-005157014.1
OG0000036	Dare	Bilateria	9	XP-005163081.1	Dare__XP-005163081.1
OG0000036	Dare	Bilateria	9	XP-005163101.1	Dare__XP-005163101.1
OG0000036	Dare	Bilateria	9	XP-005163503.1	Dare__XP-005163503.1
OG0000036	Dare	Bilateria	9	XP-005164094.1	Dare__XP-005164094.1
OG0000036	Dare	Bilateria	9	XP-005164719.1	Dare__XP-005164719.1
OG0000036	Dare	Bilateria	9	XP-005166764.1	Dare__XP-005166764.1
OG0000036	Dare	Bilateria	9	XP-005167059.1	Dare__XP-005167059.1
OG0000036	Dare	Bilateria	9	XP-005167060.1	Dare__XP-005167060.1
OG0000036	Dare	Bilateria	9	XP-005168950.1	Dare__XP-005168950.1
OG0000036	Dare	Bilateria	9	XP-005168951.1	Dare__XP-005168951.1
OG0000036	Dare	Bilateria	9	XP-005168952.1	Dare__XP-005168952.1
OG0000036	Dare	Bilateria	9	XP-005169005.1	Dare__XP-005169005.1
OG0000036	Dare	Bilateria	9	XP-005171693.2	Dare__XP-005171693.2
OG0000036	Dare	Bilateria	9	XP-005174155.1	Dare__XP-005174155.1
OG0000036	Dare	Bilateria	9	XP-005174156.1	Dare__XP-005174156.1
OG0000036	Dare	Bilateria	9	XP-005174318.1	Dare__XP-005174318.1
OG0000036	Dare	Bilateria	9	XP-005174319.1	Dare__XP-005174319.1
OG0000036	Dare	Bilateria	9	XP-009289887.1	Dare__XP-009289887.1
OG0000036	Dare	Bilateria	9	XP-009297818.1	Dare__XP-009297818.1
OG0000036	Dare	Bilateria	9	XP-009297820.1	Dare__XP-009297820.1
OG0000036	Dare	Bilateria	9	XP-009297823.1	Dare__XP-009297823.1
OG0000036	Dare	Bilateria	9	XP-009297824.1	Dare__XP-009297824.1
OG0000036	Dare	Bilateria	9	XP-009298449.1	Dare__XP-009298449.1
OG0000036	Dare	Bilateria	9	XP-009305070.1	Dare__XP-009305070.1
OG0000036	Dare	Bilateria	9	XP-017212747.1	Dare__XP-017212747.1
OG0000036	Dare	Bilateria	9	XP-021324115.1	Dare__XP-021324115.1
OG0000036	Dare	Bilateria	9	XP-021325878.1	Dare__XP-021325878.1
OG0000036	Dare	Bilateria	9	XP-021325879.1	Dare__XP-021325879.1
OG0000036	Dare	Bilateria	9	XP-021325880.1	Dare__XP-021325880.1
OG0000036	Dare	Bilateria	9	XP-021325881.1	Dare__XP-021325881.1
OG0000036	Dare	Bilateria	9	XP-021325882.1	Dare__XP-021325882.1
OG0000036	Dare	Bilateria	9	XP-021325883.1	Dare__XP-021325883.1
OG0000036	Dare	Bilateria	9	XP-021326518.1	Dare__XP-021326518.1
OG0000036	Dare	Bilateria	9	XP-021326520.1	Dare__XP-021326520.1
OG0000036	Dare	Bilateria	9	XP-021326522.1	Dare__XP-021326522.1
OG0000036	Dare	Bilateria	9	XP-021326530.1	Dare__XP-021326530.1
OG0000036	Dare	Bilateria	9	XP-021326531.1	Dare__XP-021326531.1
OG0000036	Dare	Bilateria	9	XP-021326532.1	Dare__XP-021326532.1
OG0000036	Dare	Bilateria	9	XP-021326541.1	Dare__XP-021326541.1
OG0000036	Dare	Bilateria	9	XP-021327518.1	Dare__XP-021327518.1
OG0000036	Dare	Bilateria	9	XP-021330984.1	Dare__XP-021330984.1
OG0000036	Dare	Bilateria	9	XP-021332945.1	Dare__XP-021332945.1
OG0000036	Dare	Bilateria	9	XP-021332959.1	Dare__XP-021332959.1
OG0000036	Dare	Bilateria	9	XP-021332960.1	Dare__XP-021332960.1
OG0000036	Dare	Bilateria	9	XP-021332961.1	Dare__XP-021332961.1
OG0000036	Dare	Bilateria	9	XP-021332962.1	Dare__XP-021332962.1
OG0000036	Dare	Bilateria	9	XP-021333541.1	Dare__XP-021333541.1
OG0000036	Dare	Bilateria	9	XP-068072879.1	Dare__XP-068072879.1
OG0000036	Dare	Bilateria	9	XP-068073198.1	Dare__XP-068073198.1
OG0000036	Dare	Bilateria	9	XP-068073199.1	Dare__XP-068073199.1
OG0000036	Dare	Bilateria	9	XP-068074450.1	Dare__XP-068074450.1
OG0000036	Dare	Bilateria	9	XP-068074451.1	Dare__XP-068074451.1
OG0000036	Dare	Bilateria	9	XP-068078155.1	Dare__XP-068078155.1
OG0000036	Dare	Bilateria	9	XP-682848.4	Dare__XP-682848.4
OG0000036	Dare	Bilateria	9	XP-683673.2	Dare__XP-683673.2
OG0000036	Dare	Bilateria	9	XP-695259.4	Dare__XP-695259.4
OG0000036	Dare	Bilateria	9	XP-695909.3	Dare__XP-695909.3
OG0000036	Dare	Bilateria	9	XP-699869.2	Dare__XP-699869.2
OG0000036	Dare	Bilateria	9	XP-701294.4	Dare__XP-701294.4
OG0000036	HoH13	Placozoa	3	Hhon-g03542.t1	HoH13__Hhon-g03542.t1
OG0000036	HoH13	Placozoa	3	Hhon-g04845.t1	HoH13__Hhon-g04845.t1
OG0000036	HoH13	Placozoa	3	Hhon-g07625.t1	HoH13__Hhon-g07625.t1
OG0000036	Neve	Cnidaria	8	NV2.1032	Neve__NV2.1032
OG0000036	Neve	Cnidaria	8	NV2.1035	Neve__NV2.1035
OG0000036	Neve	Cnidaria	8	NV2.1040	Neve__NV2.1040
OG0000036	Neve	Cnidaria	8	NV2.13098	Neve__NV2.13098
OG0000036	Neve	Cnidaria	8	NV2.13817	Neve__NV2.13817
OG0000036	Neve	Cnidaria	8	NV2.14379	Neve__NV2.14379
OG0000036	Neve	Cnidaria	8	NV2.14433	Neve__NV2.14433
OG0000036	Neve	Cnidaria	8	NV2.17008	Neve__NV2.17008
OG0000036	Neve	Cnidaria	8	NV2.17336	Neve__NV2.17336
OG0000036	Neve	Cnidaria	8	NV2.1766	Neve__NV2.1766
OG0000036	Neve	Cnidaria	8	NV2.17722	Neve__NV2.17722
OG0000036	Neve	Cnidaria	8	NV2.17768	Neve__NV2.17768
OG0000036	Neve	Cnidaria	8	NV2.18284	Neve__NV2.18284
OG0000036	Neve	Cnidaria	8	NV2.18430	Neve__NV2.18430
OG0000036	Neve	Cnidaria	8	NV2.18431	Neve__NV2.18431
OG0000036	Neve	Cnidaria	8	NV2.189	Neve__NV2.189
OG0000036	Neve	Cnidaria	8	NV2.20075	Neve__NV2.20075
OG0000036	Neve	Cnidaria	8	NV2.20190	Neve__NV2.20190
OG0000036	Neve	Cnidaria	8	NV2.20582	Neve__NV2.20582
OG0000036	Neve	Cnidaria	8	NV2.20585	Neve__NV2.20585
OG0000036	Neve	Cnidaria	8	NV2.21050	Neve__NV2.21050
OG0000036	Neve	Cnidaria	8	NV2.21291	Neve__NV2.21291
OG0000036	Neve	Cnidaria	8	NV2.21639	Neve__NV2.21639
OG0000036	Neve	Cnidaria	8	NV2.21641	Neve__NV2.21641
OG0000036	Neve	Cnidaria	8	NV2.22651	Neve__NV2.22651
OG0000036	Neve	Cnidaria	8	NV2.2315	Neve__NV2.2315
OG0000036	Neve	Cnidaria	8	NV2.25993	Neve__NV2.25993
OG0000036	Neve	Cnidaria	8	NV2.4330	Neve__NV2.4330
OG0000036	Neve	Cnidaria	8	NV2.454	Neve__NV2.454
OG0000036	Neve	Cnidaria	8	NV2.5938	Neve__NV2.5938
OG0000036	Neve	Cnidaria	8	NV2.6359	Neve__NV2.6359
OG0000036	Neve	Cnidaria	8	NV2.6568	Neve__NV2.6568
OG0000036	Neve	Cnidaria	8	NV2.9711	Neve__NV2.9711
OG0000036	Spla	Porifera	1	c100964-g1	Spla__c100964-g1
OG0000036	TrH1	Placozoa	5	Tadh-TriadG1922	TrH1__Tadh-TriadG1922
OG0000036	TrH1	Placozoa	5	Tadh-TriadG2482	TrH1__Tadh-TriadG2482
OG0000036	TrH1	Placozoa	5	Tadh-TriadG3098	TrH1__Tadh-TriadG3098
OG0000036	TrH1	Placozoa	5	Tadh-TriadG51691	TrH1__Tadh-TriadG51691
OG0000036	TrH2	Placozoa	4	TrH2-TrispH2-001435	TrH2__TrH2-TrispH2-001435
OG0000036	TrH2	Placozoa	4	TrH2-TrispH2-003341	TrH2__TrH2-TrispH2-003341
OG0000036	TrH2	Placozoa	4	TrH2-TrispH2-006063	TrH2__TrH2-TrispH2-006063
OG0000036	TrH2	Placozoa	4	TrH2-TrispH2-007531	TrH2__TrH2-TrispH2-007531
OG0000112	Auco	Cnidaria	6	XLOC-002390#KCNK9-CAVPO#Q9JL58	Auco__XLOC-002390#KCNK9-CAVPO#Q9JL58
OG0000112	Auco	Cnidaria	6	XLOC-002400#KCNKA-MOUSE#Q8BUW1	Auco__XLOC-002400#KCNKA-MOUSE#Q8BUW1
OG0000112	Auco	Cnidaria	6	XLOC-009257#KCNK9-XENLA#Q63ZI0	Auco__XLOC-009257#KCNK9-XENLA#Q63ZI0
OG0000112	Auco	Cnidaria	6	XLOC-009393#KCNK2-MOUSE#P97438	Auco__XLOC-009393#KCNK2-MOUSE#P97438
OG0000112	Auco	Cnidaria	6	XLOC-012472#KCNK9-XENLA#Q63ZI0	Auco__XLOC-012472#KCNK9-XENLA#Q63ZI0
OG0000112	Auco	Cnidaria	6	XLOC-012495#KCNK3-MOUSE#O35111	Auco__XLOC-012495#KCNK3-MOUSE#O35111
OG0000112	Auco	Cnidaria	6	XLOC-013553#KCNK4-RAT#G3V8V5	Auco__XLOC-013553#KCNK4-RAT#G3V8V5
OG0000112	Auco	Cnidaria	6	XLOC-013625#KCNKH-HUMAN#Q96T54	Auco__XLOC-013625#KCNKH-HUMAN#Q96T54
OG0000112	Auco	Cnidaria	6	XLOC-014419#KCNK4-HUMAN#Q9NYG8	Auco__XLOC-014419#KCNK4-HUMAN#Q9NYG8
OG0000112	Auco	Cnidaria	6	XLOC-014801#XLOC-014801	Auco__XLOC-014801#XLOC-014801
OG0000112	Auco	Cnidaria	6	XLOC-014836#XLOC-014836	Auco__XLOC-014836#XLOC-014836
OG0000112	Auco	Cnidaria	6	XLOC-014890#TWK7-CAEEL#P34410	Auco__XLOC-014890#TWK7-CAEEL#P34410
OG0000112	Auco	Cnidaria	6	XLOC-020016#KCNKG-HUMAN#Q96T55	Auco__XLOC-020016#KCNKG-HUMAN#Q96T55
OG0000112	Auco	Cnidaria	6	XLOC-020267#KCNK1-CAVPO#Q8R454	Auco__XLOC-020267#KCNK1-CAVPO#Q8R454
OG0000112	Auco	Cnidaria	6	XLOC-020278#KCNK9-RAT#Q9ES08	Auco__XLOC-020278#KCNK9-RAT#Q9ES08
OG0000112	Auco	Cnidaria	6	XLOC-020341#TWK7-CAEEL#P34410	Auco__XLOC-020341#TWK7-CAEEL#P34410
OG0000112	Auco	Cnidaria	6	XLOC-020733#KCNKD-MOUSE#Q8R1P5	Auco__XLOC-020733#KCNKD-MOUSE#Q8R1P5
OG0000112	Auco	Cnidaria	6	XLOC-025096#KCNK9-XENLA#Q63ZI0	Auco__XLOC-025096#KCNK9-XENLA#Q63ZI0
OG0000112	Auco	Cnidaria	6	XLOC-025379#KCNK2-MOUSE#P97438	Auco__XLOC-025379#KCNK2-MOUSE#P97438
OG0000112	Auco	Cnidaria	6	XLOC-026089#SUP9-CAEEL#O17185	Auco__XLOC-026089#SUP9-CAEEL#O17185
OG0000112	Auco	Cnidaria	6	gene-evm.model.ptg000001l.805#KCNK9-XENLA#Q63ZI0	Auco__gene-evm.model.ptg000001l.805#KCNK9-XENLA#Q63ZI0
OG0000112	Auco	Cnidaria	6	gene-evm.model.ptg000007l.567#KCNK2-MOUSE#P97438	Auco__gene-evm.model.ptg000007l.567#KCNK2-MOUSE#P97438
OG0000112	Auco	Cnidaria	6	gene-evm.model.ptg000010l.72#KCNKH-HUMAN#Q96T54	Auco__gene-evm.model.ptg000010l.72#KCNKH-HUMAN#Q96T54
OG0000112	Auco	Cnidaria	6	gene-evm.model.ptg000020l.1044#TWK7-CAEEL#P34410	Auco__gene-evm.model.ptg000020l.1044#TWK7-CAEEL#P34410
OG0000112	Auco	Cnidaria	6	gene-evm.model.ptg000024l.293#KCNK9-XENLA#Q63ZI0	Auco__gene-evm.model.ptg000024l.293#KCNK9-XENLA#Q63ZI0
OG0000112	Auco	Cnidaria	6	gene-evm.model.ptg000024l.49#KCNK2-MOUSE#P97438	Auco__gene-evm.model.ptg000024l.49#KCNK2-MOUSE#P97438
OG0000112	ClH23	Placozoa	2	HoiH23-PlH23-006473	ClH23__HoiH23-PlH23-006473
OG0000112	Clhe	Cnidaria	7	TRINITY-DN22281-c0-g1-i1	Clhe__TRINITY-DN22281-c0-g1-i1
OG0000112	Clhe	Cnidaria	7	TRINITY-DN52117-c0-g1-i1	Clhe__TRINITY-DN52117-c0-g1-i1
OG0000112	Clhe	Cnidaria	7	XLOC-000033	Clhe__XLOC-000033
OG0000112	Clhe	Cnidaria	7	XLOC-000290	Clhe__XLOC-000290
OG0000112	Clhe	Cnidaria	7	XLOC-001723	Clhe__XLOC-001723
OG0000112	Clhe	Cnidaria	7	XLOC-001751	Clhe__XLOC-001751
OG0000112	Clhe	Cnidaria	7	XLOC-004831	Clhe__XLOC-004831
OG0000112	Clhe	Cnidaria	7	XLOC-004833	Clhe__XLOC-004833
OG0000112	Clhe	Cnidaria	7	XLOC-006704	Clhe__XLOC-006704
OG0000112	Clhe	Cnidaria	7	XLOC-009008	Clhe__XLOC-009008
OG0000112	Clhe	Cnidaria	7	XLOC-012056	Clhe__XLOC-012056
OG0000112	Clhe	Cnidaria	7	XLOC-014119	Clhe__XLOC-014119
OG0000112	Clhe	Cnidaria	7	XLOC-016331	Clhe__XLOC-016331
OG0000112	Clhe	Cnidaria	7	XLOC-019050	Clhe__XLOC-019050
OG0000112	Clhe	Cnidaria	7	XLOC-019051	Clhe__XLOC-019051
OG0000112	Clhe	Cnidaria	7	XLOC-026007	Clhe__XLOC-026007
OG0000112	Clhe	Cnidaria	7	XLOC-030356	Clhe__XLOC-030356
OG0000112	Clhe	Cnidaria	7	XLOC-031353	Clhe__XLOC-031353
OG0000112	Clhe	Cnidaria	7	XLOC-038982	Clhe__XLOC-038982
OG0000112	Clhe	Cnidaria	7	XLOC-038983	Clhe__XLOC-038983
OG0000112	Clhe	Cnidaria	7	XLOC-038984	Clhe__XLOC-038984
OG0000112	Clhe	Cnidaria	7	XLOC-038985	Clhe__XLOC-038985
OG0000112	Clhe	Cnidaria	7	XLOC-044224	Clhe__XLOC-044224
OG0000112	Clhe	Cnidaria	7	XLOC-045139	Clhe__XLOC-045139
OG0000112	Clhe	Cnidaria	7	XLOC-045288	Clhe__XLOC-045288
OG0000112	Dare	Bilateria	9	NP-001020654.1	Dare__NP-001020654.1
OG0000112	Dare	Bilateria	9	NP-001025245.2	Dare__NP-001025245.2
OG0000112	Dare	Bilateria	9	NP-001025333.1	Dare__NP-001025333.1
OG0000112	Dare	Bilateria	9	NP-001032475.1	Dare__NP-001032475.1
OG0000112	Dare	Bilateria	9	NP-001032478.2	Dare__NP-001032478.2
OG0000112	Dare	Bilateria	9	NP-001092223.1	Dare__NP-001092223.1
OG0000112	Dare	Bilateria	9	NP-001103587.1	Dare__NP-001103587.1
OG0000112	Dare	Bilateria	9	NP-001104701.1	Dare__NP-001104701.1
OG0000112	Dare	Bilateria	9	NP-001122021.1	Dare__NP-001122021.1
OG0000112	Dare	Bilateria	9	NP-001139047.1	Dare__NP-001139047.1
OG0000112	Dare	Bilateria	9	NP-001154871.1	Dare__NP-001154871.1
OG0000112	Dare	Bilateria	9	NP-001277277.1	Dare__NP-001277277.1
OG0000112	Dare	Bilateria	9	NP-001305304.1	Dare__NP-001305304.1
OG0000112	Dare	Bilateria	9	NP-001373286.1	Dare__NP-001373286.1
OG0000112	Dare	Bilateria	9	NP-956927.1	Dare__NP-956927.1
OG0000112	Dare	Bilateria	9	XP-005158968.1	Dare__XP-005158968.1
OG0000112	Dare	Bilateria	9	XP-005161945.1	Dare__XP-005161945.1
OG0000112	Dare	Bilateria	9	XP-005161946.1	Dare__XP-005161946.1
OG0000112	Dare	Bilateria	9	XP-005169840.1	Dare__XP-005169840.1
OG0000112	Dare	Bilateria	9	XP-017207150.1	Dare__XP-017207150.1
OG0000112	Dare	Bilateria	9	XP-017208343.1	Dare__XP-017208343.1
OG0000112	Dare	Bilateria	9	XP-021321992.1	Dare__XP-021321992.1
OG0000112	Dare	Bilateria	9	XP-021323122.1	Dare__XP-021323122.1
OG0000112	Dare	Bilateria	9	XP-021324748.1	Dare__XP-021324748.1
OG0000112	Dare	Bilateria	9	XP-021328889.1	Dare__XP-021328889.1
OG0000112	Dare	Bilateria	9	XP-068069216.1	Dare__XP-068069216.1
OG0000112	Dare	Bilateria	9	XP-068069404.1	Dare__XP-068069404.1
OG0000112	Dare	Bilateria	9	XP-068070713.1	Dare__XP-068070713.1
OG0000112	Dare	Bilateria	9	XP-068071641.1	Dare__XP-068071641.1
OG0000112	Dare	Bilateria	9	XP-068074848.1	Dare__XP-068074848.1
OG0000112	Dare	Bilateria	9	XP-700001.2	Dare__XP-700001.2
OG0000112	HoH13	Placozoa	3	Hhon-g06607.t1	HoH13__Hhon-g06607.t1
OG0000112	Neve	Cnidaria	8	NV2.10363	Neve__NV2.10363
OG0000112	Neve	Cnidaria	8	NV2.11145	Neve__NV2.11145
OG0000112	Neve	Cnidaria	8	NV2.11146	Neve__NV2.11146
OG0000112	Neve	Cnidaria	8	NV2.12078	Neve__NV2.12078
OG0000112	Neve	Cnidaria	8	NV2.12575	Neve__NV2.12575
OG0000112	Neve	Cnidaria	8	NV2.13859	Neve__NV2.13859
OG0000112	Neve	Cnidaria	8	NV2.13890	Neve__NV2.13890
OG0000112	Neve	Cnidaria	8	NV2.151	Neve__NV2.151
OG0000112	Neve	Cnidaria	8	NV2.15569	Neve__NV2.15569
OG0000112	Neve	Cnidaria	8	NV2.17763	Neve__NV2.17763
OG0000112	Neve	Cnidaria	8	NV2.18425	Neve__NV2.18425
OG0000112	Neve	Cnidaria	8	NV2.18426	Neve__NV2.18426
OG0000112	Neve	Cnidaria	8	NV2.19954	Neve__NV2.19954
OG0000112	Neve	Cnidaria	8	NV2.20568	Neve__NV2.20568
OG0000112	Neve	Cnidaria	8	NV2.20635	Neve__NV2.20635
OG0000112	Neve	Cnidaria	8	NV2.21014	Neve__NV2.21014
OG0000112	Neve	Cnidaria	8	NV2.21355	Neve__NV2.21355
OG0000112	Neve	Cnidaria	8	NV2.21940	Neve__NV2.21940
OG0000112	Neve	Cnidaria	8	NV2.22450	Neve__NV2.22450
OG0000112	Neve	Cnidaria	8	NV2.5523	Neve__NV2.5523
OG0000112	Neve	Cnidaria	8	NV2.5614	Neve__NV2.5614
OG0000112	Neve	Cnidaria	8	NV2.5786	Neve__NV2.5786
OG0000112	Neve	Cnidaria	8	NV2.6163	Neve__NV2.6163
OG0000112	Neve	Cnidaria	8	NV2.7847	Neve__NV2.7847
OG0000112	Neve	Cnidaria	8	NV2.7850	Neve__NV2.7850
OG0000112	Neve	Cnidaria	8	NV2.7856	Neve__NV2.7856
OG0000112	Neve	Cnidaria	8	NV2.7857	Neve__NV2.7857
OG0000112	Neve	Cnidaria	8	NV2.7859	Neve__NV2.7859
OG0000112	Spla	Porifera	1	c93715-g1	Spla__c93715-g1
OG0000112	TrH1	Placozoa	5	Tadh-TriadG51003	TrH1__Tadh-TriadG51003
OG0000112	TrH2	Placozoa	4	TrH2-TrispH2-010712	TrH2__TrH2-TrispH2-010712
OG0000133	Auco	Cnidaria	6	XLOC-002878#LMX1B-XENLA#Q8UVR3	Auco__XLOC-002878#LMX1B-XENLA#Q8UVR3
OG0000133	Auco	Cnidaria	6	XLOC-002924#AWH-DROME#Q8IRC7	Auco__XLOC-002924#AWH-DROME#Q8IRC7
OG0000133	Auco	Cnidaria	6	XLOC-020817#LMO3-BOVIN#Q2KIA3	Auco__XLOC-020817#LMO3-BOVIN#Q2KIA3
OG0000133	Auco	Cnidaria	6	XLOC-024868#LHX1-CHICK#P53411	Auco__XLOC-024868#LHX1-CHICK#P53411
OG0000133	Auco	Cnidaria	6	XLOC-025279#ISL1-CHICK#P50211	Auco__XLOC-025279#ISL1-CHICK#P50211
OG0000133	Auco	Cnidaria	6	gene-evm.model.ptg000022l.548-1#AWH-DROME#Q8IRC7	Auco__gene-evm.model.ptg000022l.548-1#AWH-DROME#Q8IRC7
OG0000133	ClH23	Placozoa	2	HoiH23-PlH23-004895	ClH23__HoiH23-PlH23-004895
OG0000133	ClH23	Placozoa	2	HoiH23-PlH23-006561	ClH23__HoiH23-PlH23-006561
OG0000133	ClH23	Placozoa	2	HoiH23-PlH23-006562	ClH23__HoiH23-PlH23-006562
OG0000133	ClH23	Placozoa	2	HoiH23-PlH23-006563	ClH23__HoiH23-PlH23-006563
OG0000133	ClH23	Placozoa	2	HoiH23-PlH23-006564	ClH23__HoiH23-PlH23-006564
OG0000133	ClH23	Placozoa	2	HoiH23-PlH23-008308	ClH23__HoiH23-PlH23-008308
OG0000133	ClH23	Placozoa	2	HoiH23-PlH23-008331	ClH23__HoiH23-PlH23-008331
OG0000133	Clhe	Cnidaria	7	TRINITY-DN8016-c0-g1-i6	Clhe__TRINITY-DN8016-c0-g1-i6
OG0000133	Clhe	Cnidaria	7	XLOC-002692	Clhe__XLOC-002692
OG0000133	Clhe	Cnidaria	7	XLOC-004661	Clhe__XLOC-004661
OG0000133	Clhe	Cnidaria	7	XLOC-007074	Clhe__XLOC-007074
OG0000133	Clhe	Cnidaria	7	XLOC-012557	Clhe__XLOC-012557
OG0000133	Clhe	Cnidaria	7	XLOC-043220	Clhe__XLOC-043220
OG0000133	Clhe	Cnidaria	7	XLOC-044055	Clhe__XLOC-044055
OG0000133	Dare	Bilateria	9	NP-001002043.1	Dare__NP-001002043.1
OG0000133	Dare	Bilateria	9	NP-001003980.1	Dare__NP-001003980.1
OG0000133	Dare	Bilateria	9	NP-001004015.1	Dare__NP-001004015.1
OG0000133	Dare	Bilateria	9	NP-001017710.2	Dare__NP-001017710.2
OG0000133	Dare	Bilateria	9	NP-001018575.1	Dare__NP-001018575.1
OG0000133	Dare	Bilateria	9	NP-001020338.2	Dare__NP-001020338.2
OG0000133	Dare	Bilateria	9	NP-001020339.1	Dare__NP-001020339.1
OG0000133	Dare	Bilateria	9	NP-001020669.1	Dare__NP-001020669.1
OG0000133	Dare	Bilateria	9	NP-001032320.2	Dare__NP-001032320.2
OG0000133	Dare	Bilateria	9	NP-001035099.3	Dare__NP-001035099.3
OG0000133	Dare	Bilateria	9	NP-001116445.1	Dare__NP-001116445.1
OG0000133	Dare	Bilateria	9	NP-001153058.2	Dare__NP-001153058.2
OG0000133	Dare	Bilateria	9	NP-001315431.1	Dare__NP-001315431.1
OG0000133	Dare	Bilateria	9	NP-001315524.1	Dare__NP-001315524.1
OG0000133	Dare	Bilateria	9	NP-001349521.1	Dare__NP-001349521.1
OG0000133	Dare	Bilateria	9	NP-571037.1	Dare__NP-571037.1
OG0000133	Dare	Bilateria	9	NP-571039.1	Dare__NP-571039.1
OG0000133	Dare	Bilateria	9	NP-571045.1	Dare__NP-571045.1
OG0000133	Dare	Bilateria	9	NP-571186.1	Dare__NP-571186.1
OG0000133	Dare	Bilateria	9	NP-571282.1	Dare__NP-571282.1
OG0000133	Dare	Bilateria	9	NP-571283.1	Dare__NP-571283.1
OG0000133	Dare	Bilateria	9	NP-571291.1	Dare__NP-571291.1
OG0000133	Dare	Bilateria	9	NP-571293.1	Dare__NP-571293.1
OG0000133	Dare	Bilateria	9	NP-775326.1	Dare__NP-775326.1
OG0000133	Dare	Bilateria	9	NP-817093.1	Dare__NP-817093.1
OG0000133	Dare	Bilateria	9	NP-956566.1	Dare__NP-956566.1
OG0000133	Dare	Bilateria	9	NP-997854.2	Dare__NP-997854.2
OG0000133	Dare	Bilateria	9	XP-002663297.3	Dare__XP-002663297.3
OG0000133	Dare	Bilateria	9	XP-005163214.1	Dare__XP-005163214.1
OG0000133	Dare	Bilateria	9	XP-005164686.1	Dare__XP-005164686.1
OG0000133	Dare	Bilateria	9	XP-005164687.1	Dare__XP-005164687.1
OG0000133	Dare	Bilateria	9	XP-005164688.1	Dare__XP-005164688.1
OG0000133	Dare	Bilateria	9	XP-005164690.1	Dare__XP-005164690.1
OG0000133	Dare	Bilateria	9	XP-005165321.1	Dare__XP-005165321.1
OG0000133	Dare	Bilateria	9	XP-005167424.1	Dare__XP-005167424.1
OG0000133	Dare	Bilateria	9	XP-005167426.1	Dare__XP-005167426.1
OG0000133	Dare	Bilateria	9	XP-005171211.1	Dare__XP-005171211.1
OG0000133	Dare	Bilateria	9	XP-009298059.1	Dare__XP-009298059.1
OG0000133	Dare	Bilateria	9	XP-009299721.1	Dare__XP-009299721.1
OG0000133	Dare	Bilateria	9	XP-009302150.3	Dare__XP-009302150.3
OG0000133	Dare	Bilateria	9	XP-009303420.1	Dare__XP-009303420.1
OG0000133	Dare	Bilateria	9	XP-017208320.1	Dare__XP-017208320.1
OG0000133	Dare	Bilateria	9	XP-017208628.1	Dare__XP-017208628.1
OG0000133	Dare	Bilateria	9	XP-021324999.1	Dare__XP-021324999.1
OG0000133	Dare	Bilateria	9	XP-021326118.1	Dare__XP-021326118.1
OG0000133	Dare	Bilateria	9	XP-021330690.1	Dare__XP-021330690.1
OG0000133	Dare	Bilateria	9	XP-021333063.1	Dare__XP-021333063.1
OG0000133	Dare	Bilateria	9	XP-021333064.1	Dare__XP-021333064.1
OG0000133	Dare	Bilateria	9	XP-068069558.1	Dare__XP-068069558.1
OG0000133	Dare	Bilateria	9	XP-068077185.1	Dare__XP-068077185.1
OG0000133	Dare	Bilateria	9	XP-068077476.1	Dare__XP-068077476.1
OG0000133	Dare	Bilateria	9	XP-068079341.1	Dare__XP-068079341.1
OG0000133	HoH13	Placozoa	3	Hhon-g03907.t1	HoH13__Hhon-g03907.t1
OG0000133	HoH13	Placozoa	3	Hhon-g05322.t1	HoH13__Hhon-g05322.t1
OG0000133	HoH13	Placozoa	3	Hhon-g09380.t1	HoH13__Hhon-g09380.t1
OG0000133	Neve	Cnidaria	8	NV2.15429	Neve__NV2.15429
OG0000133	Neve	Cnidaria	8	NV2.18868	Neve__NV2.18868
OG0000133	Neve	Cnidaria	8	NV2.23552	Neve__NV2.23552
OG0000133	Neve	Cnidaria	8	NV2.24744	Neve__NV2.24744
OG0000133	Neve	Cnidaria	8	NV2.2490	Neve__NV2.2490
OG0000133	Neve	Cnidaria	8	NV2.25048	Neve__NV2.25048
OG0000133	Neve	Cnidaria	8	NV2.25478	Neve__NV2.25478
OG0000133	Neve	Cnidaria	8	NV2.3769	Neve__NV2.3769
OG0000133	Spla	Porifera	1	c100685-g1	Spla__c100685-g1
OG0000133	Spla	Porifera	1	c102354-g1	Spla__c102354-g1
OG0000133	Spla	Porifera	1	c95588-g1	Spla__c95588-g1
OG0000133	TrH1	Placozoa	5	Tadh-TriadG14836	TrH1__Tadh-TriadG14836
OG0000133	TrH1	Placozoa	5	Tadh-TriadG16471	TrH1__Tadh-TriadG16471
OG0000133	TrH1	Placozoa	5	Tadh-TriadG20649	TrH1__Tadh-TriadG20649
OG0000133	TrH1	Placozoa	5	Tadh-TriadG30033	TrH1__Tadh-TriadG30033
OG0000133	TrH1	Placozoa	5	Tadh-TriadG30944	TrH1__Tadh-TriadG30944
OG0000133	TrH1	Placozoa	5	Tadh-wf-g2063	TrH1__Tadh-wf-g2063
OG0000133	TrH2	Placozoa	4	TrH2-TrispH2-000433	TrH2__TrH2-TrispH2-000433
OG0000133	TrH2	Placozoa	4	TrH2-TrispH2-000434	TrH2__TrH2-TrispH2-000434
OG0000133	TrH2	Placozoa	4	TrH2-TrispH2-000435	TrH2__TrH2-TrispH2-000435
OG0000133	TrH2	Placozoa	4	TrH2-TrispH2-002625	TrH2__TrH2-TrispH2-002625
OG0000133	TrH2	Placozoa	4	TrH2-TrispH2-002999	TrH2__TrH2-TrispH2-002999
OG0000133	TrH2	Placozoa	4	TrH2-TrispH2-009335	TrH2__TrH2-TrispH2-009335
OG0000133	TrH2	Placozoa	4	TrH2-TrispH2-009336	TrH2__TrH2-TrispH2-009336
OG0000133	TrH2	Placozoa	4	TrH2-TrispH2-009337	TrH2__TrH2-TrispH2-009337
OG0000133	TrH2	Placozoa	4	TrH2-TrispH2-009338	TrH2__TrH2-TrispH2-009338
OG0000166	Auco	Cnidaria	6	XLOC-000171#TBA1A-CHICK#P02552	Auco__XLOC-000171#TBA1A-CHICK#P02552
OG0000166	Auco	Cnidaria	6	XLOC-009030#TBA-LYTPI#P02553	Auco__XLOC-009030#TBA-LYTPI#P02553
OG0000166	Auco	Cnidaria	6	XLOC-009501#TBA1A-CHICK#P02552	Auco__XLOC-009501#TBA1A-CHICK#P02552
OG0000166	Auco	Cnidaria	6	XLOC-013650#TBA1-PARLI#P18258	Auco__XLOC-013650#TBA1-PARLI#P18258
OG0000166	Auco	Cnidaria	6	gene-evm.model.ptg000003l.332#TBA1A-CHICK#P02552	Auco__gene-evm.model.ptg000003l.332#TBA1A-CHICK#P02552
OG0000166	Auco	Cnidaria	6	gene-evm.model.ptg000024l.725#TBA1-PARLI#P18258	Auco__gene-evm.model.ptg000024l.725#TBA1-PARLI#P18258
OG0000166	Auco	Cnidaria	6	gene-evm.model.ptg000024l.726#TBA1A-CHICK#P02552	Auco__gene-evm.model.ptg000024l.726#TBA1A-CHICK#P02552
OG0000166	ClH23	Placozoa	2	HoiH23-PlH23-002692	ClH23__HoiH23-PlH23-002692
OG0000166	ClH23	Placozoa	2	HoiH23-PlH23-008994	ClH23__HoiH23-PlH23-008994
OG0000166	Clhe	Cnidaria	7	TRINITY-DN1747-c0-g1-i3	Clhe__TRINITY-DN1747-c0-g1-i3
OG0000166	Clhe	Cnidaria	7	TRINITY-DN29955-c0-g1-i2	Clhe__TRINITY-DN29955-c0-g1-i2
OG0000166	Clhe	Cnidaria	7	TRINITY-DN29955-c0-g1-i3	Clhe__TRINITY-DN29955-c0-g1-i3
OG0000166	Clhe	Cnidaria	7	TRINITY-DN356-c0-g1-i1	Clhe__TRINITY-DN356-c0-g1-i1
OG0000166	Clhe	Cnidaria	7	TRINITY-DN73034-c0-g1-i1	Clhe__TRINITY-DN73034-c0-g1-i1
OG0000166	Clhe	Cnidaria	7	TRINITY-DN8089-c0-g2-i1	Clhe__TRINITY-DN8089-c0-g2-i1
OG0000166	Clhe	Cnidaria	7	XLOC-002561	Clhe__XLOC-002561
OG0000166	Clhe	Cnidaria	7	XLOC-002833	Clhe__XLOC-002833
OG0000166	Clhe	Cnidaria	7	XLOC-005491	Clhe__XLOC-005491
OG0000166	Clhe	Cnidaria	7	XLOC-005514	Clhe__XLOC-005514
OG0000166	Clhe	Cnidaria	7	XLOC-006659	Clhe__XLOC-006659
OG0000166	Clhe	Cnidaria	7	XLOC-007288	Clhe__XLOC-007288
OG0000166	Clhe	Cnidaria	7	XLOC-011074	Clhe__XLOC-011074
OG0000166	Clhe	Cnidaria	7	XLOC-034417	Clhe__XLOC-034417
OG0000166	Clhe	Cnidaria	7	XLOC-037011	Clhe__XLOC-037011
OG0000166	Clhe	Cnidaria	7	XLOC-045131	Clhe__XLOC-045131
OG0000166	Clhe	Cnidaria	7	XLOC-045225	Clhe__XLOC-045225
OG0000166	Dare	Bilateria	9	NP-001002230.1	Dare__NP-001002230.1
OG0000166	Dare	Bilateria	9	NP-001003558.1	Dare__NP-001003558.1
OG0000166	Dare	Bilateria	9	NP-001098596.2	Dare__NP-001098596.2
OG0000166	Dare	Bilateria	9	NP-001161759.1	Dare__NP-001161759.1
OG0000166	Dare	Bilateria	9	NP-001177911.1	Dare__NP-001177911.1
OG0000166	Dare	Bilateria	9	NP-001313524.1	Dare__NP-001313524.1
OG0000166	Dare	Bilateria	9	NP-919369.2	Dare__NP-919369.2
OG0000166	Dare	Bilateria	9	NP-956089.1	Dare__NP-956089.1
OG0000166	Dare	Bilateria	9	NP-956479.1	Dare__NP-956479.1
OG0000166	Dare	Bilateria	9	NP-956985.1	Dare__NP-956985.1
OG0000166	Dare	Bilateria	9	NP-997937.1	Dare__NP-997937.1
OG0000166	Dare	Bilateria	9	NP-998195.1	Dare__NP-998195.1
OG0000166	Dare	Bilateria	9	XP-005167502.1	Dare__XP-005167502.1
OG0000166	Dare	Bilateria	9	XP-068081026.1	Dare__XP-068081026.1
OG0000166	HoH13	Placozoa	3	Hhon-g04893.t1	HoH13__Hhon-g04893.t1
OG0000166	HoH13	Placozoa	3	Hhon-g11496.t1	HoH13__Hhon-g11496.t1
OG0000166	HoH13	Placozoa	3	Hhon-g11497.t1	HoH13__Hhon-g11497.t1
OG0000166	HoH13	Placozoa	3	Hhon-g11865.t1	HoH13__Hhon-g11865.t1
OG0000166	HoH13	Placozoa	3	Hhon-g11866.t1	HoH13__Hhon-g11866.t1
OG0000166	HoH13	Placozoa	3	Hhon-g11875.t1	HoH13__Hhon-g11875.t1
OG0000166	Neve	Cnidaria	8	NV2.11522	Neve__NV2.11522
OG0000166	Neve	Cnidaria	8	NV2.11523	Neve__NV2.11523
OG0000166	Neve	Cnidaria	8	NV2.11524	Neve__NV2.11524
OG0000166	Neve	Cnidaria	8	NV2.11584	Neve__NV2.11584
OG0000166	Neve	Cnidaria	8	NV2.1167	Neve__NV2.1167
OG0000166	Neve	Cnidaria	8	NV2.16062	Neve__NV2.16062
OG0000166	Neve	Cnidaria	8	NV2.2713	Neve__NV2.2713
OG0000166	Neve	Cnidaria	8	NV2.2714	Neve__NV2.2714
OG0000166	Neve	Cnidaria	8	NV2.2716	Neve__NV2.2716
OG0000166	Neve	Cnidaria	8	NV2.2717	Neve__NV2.2717
OG0000166	Neve	Cnidaria	8	NV2.2718	Neve__NV2.2718
OG0000166	Neve	Cnidaria	8	NV2.2719	Neve__NV2.2719
OG0000166	Neve	Cnidaria	8	NV2.3145	Neve__NV2.3145
OG0000166	Neve	Cnidaria	8	NV2.6171	Neve__NV2.6171
OG0000166	Neve	Cnidaria	8	NV2.7878	Neve__NV2.7878
OG0000166	Neve	Cnidaria	8	NV2.7880	Neve__NV2.7880
OG0000166	Neve	Cnidaria	8	NV2.7884	Neve__NV2.7884
OG0000166	Neve	Cnidaria	8	NV2.7886	Neve__NV2.7886
OG0000166	Spla	Porifera	1	c102235-g1	Spla__c102235-g1
OG0000166	Spla	Porifera	1	c102235-g2	Spla__c102235-g2
OG0000166	Spla	Porifera	1	c104269-g1	Spla__c104269-g1
OG0000166	Spla	Porifera	1	c104269-g2	Spla__c104269-g2
OG0000166	Spla	Porifera	1	c104269-g4	Spla__c104269-g4
OG0000166	Spla	Porifera	1	c64847-g1	Spla__c64847-g1
OG0000166	TrH1	Placozoa	5	Tadh-TriadG34826	TrH1__Tadh-TriadG34826
OG0000166	TrH1	Placozoa	5	Tadh-TriadG54906	TrH1__Tadh-TriadG54906
OG0000166	TrH1	Placozoa	5	Tadh-TriadG54910	TrH1__Tadh-TriadG54910
OG0000166	TrH1	Placozoa	5	Tadh-TriadG54911	TrH1__Tadh-TriadG54911
OG0000166	TrH1	Placozoa	5	Tadh-TriadG54912	TrH1__Tadh-TriadG54912
OG0000166	TrH1	Placozoa	5	Tadh-TriadG54914	TrH1__Tadh-TriadG54914
OG0000166	TrH1	Placozoa	5	Tadh-TriadG61873	TrH1__Tadh-TriadG61873
OG0000166	TrH1	Placozoa	5	Tadh-TriadG62809	TrH1__Tadh-TriadG62809
OG0000166	TrH1	Placozoa	5	Tadh-TriadG63797	TrH1__Tadh-TriadG63797
OG0000166	TrH2	Placozoa	4	TrH2-TrispH2-007506	TrH2__TrH2-TrispH2-007506
OG0000166	TrH2	Placozoa	4	TrH2-TrispH2-007511	TrH2__TrH2-TrispH2-007511
OG0000166	TrH2	Placozoa	4	TrH2-TrispH2-007512	TrH2__TrH2-TrispH2-007512
OG0000166	TrH2	Placozoa	4	TrH2-TrispH2-007513	TrH2__TrH2-TrispH2-007513
OG0000166	TrH2	Placozoa	4	TrH2-TrispH2-007514	TrH2__TrH2-TrispH2-007514
OG0000166	TrH2	Placozoa	4	TrH2-TrispH2-007515	TrH2__TrH2-TrispH2-007515
OG0000166	TrH2	Placozoa	4	TrH2-TrispH2-009358	TrH2__TrH2-TrispH2-009358
OG0000166	TrH2	Placozoa	4	TrH2-TrispH2-012012	TrH2__TrH2-TrispH2-012012
OG0000203	Auco	Cnidaria	6	XLOC-001112#CA2D4-HUMAN#Q7Z3S7	Auco__XLOC-001112#CA2D4-HUMAN#Q7Z3S7
OG0000203	Auco	Cnidaria	6	XLOC-001159#CA2D3-HUMAN#Q8IZS8	Auco__XLOC-001159#CA2D3-HUMAN#Q8IZS8
OG0000203	Auco	Cnidaria	6	XLOC-006652#CAHD1-MOUSE#Q6PDJ1	Auco__XLOC-006652#CAHD1-MOUSE#Q6PDJ1
OG0000203	Auco	Cnidaria	6	XLOC-009474#CA2D3-HUMAN#Q8IZS8	Auco__XLOC-009474#CA2D3-HUMAN#Q8IZS8
OG0000203	Auco	Cnidaria	6	gene-evm.model.ptg000003l.285-1#gene-evm.model.ptg000003l.285	Auco__gene-evm.model.ptg000003l.285-1#gene-evm.model.ptg000003l.285
OG0000203	Auco	Cnidaria	6	gene-evm.model.ptg000003l.365#CA2D3-HUMAN#Q8IZS8	Auco__gene-evm.model.ptg000003l.365#CA2D3-HUMAN#Q8IZS8
OG0000203	Auco	Cnidaria	6	gene-evm.model.ptg000012l.138#CAHD1-MOUSE#Q6PDJ1	Auco__gene-evm.model.ptg000012l.138#CAHD1-MOUSE#Q6PDJ1
OG0000203	ClH23	Placozoa	2	HoiH23-PlH23-002565	ClH23__HoiH23-PlH23-002565
OG0000203	ClH23	Placozoa	2	HoiH23-PlH23-005318	ClH23__HoiH23-PlH23-005318
OG0000203	ClH23	Placozoa	2	HoiH23-PlH23-006264	ClH23__HoiH23-PlH23-006264
OG0000203	ClH23	Placozoa	2	HoiH23-PlH23-010481	ClH23__HoiH23-PlH23-010481
OG0000203	Clhe	Cnidaria	7	TRINITY-DN13753-c0-g1-i1	Clhe__TRINITY-DN13753-c0-g1-i1
OG0000203	Clhe	Cnidaria	7	TRINITY-DN16844-c0-g1-i1	Clhe__TRINITY-DN16844-c0-g1-i1
OG0000203	Clhe	Cnidaria	7	TRINITY-DN20892-c0-g1-i3	Clhe__TRINITY-DN20892-c0-g1-i3
OG0000203	Clhe	Cnidaria	7	TRINITY-DN5003-c0-g1-i2	Clhe__TRINITY-DN5003-c0-g1-i2
OG0000203	Clhe	Cnidaria	7	TRINITY-DN8417-c0-g1-i2	Clhe__TRINITY-DN8417-c0-g1-i2
OG0000203	Clhe	Cnidaria	7	TRINITY-DN9106-c0-g1-i1	Clhe__TRINITY-DN9106-c0-g1-i1
OG0000203	Clhe	Cnidaria	7	TRINITY-DN9106-c0-g1-i13	Clhe__TRINITY-DN9106-c0-g1-i13
OG0000203	Clhe	Cnidaria	7	TRINITY-DN9106-c0-g1-i22	Clhe__TRINITY-DN9106-c0-g1-i22
OG0000203	Clhe	Cnidaria	7	XLOC-000065	Clhe__XLOC-000065
OG0000203	Clhe	Cnidaria	7	XLOC-000321	Clhe__XLOC-000321
OG0000203	Clhe	Cnidaria	7	XLOC-009603	Clhe__XLOC-009603
OG0000203	Clhe	Cnidaria	7	XLOC-029939	Clhe__XLOC-029939
OG0000203	Clhe	Cnidaria	7	XLOC-040914	Clhe__XLOC-040914
OG0000203	Dare	Bilateria	9	NP-001013521.3	Dare__NP-001013521.3
OG0000203	Dare	Bilateria	9	NP-001038425.2	Dare__NP-001038425.2
OG0000203	Dare	Bilateria	9	NP-001082889.1	Dare__NP-001082889.1
OG0000203	Dare	Bilateria	9	XP-001334829.3	Dare__XP-001334829.3
OG0000203	Dare	Bilateria	9	XP-005164803.1	Dare__XP-005164803.1
OG0000203	Dare	Bilateria	9	XP-009294385.1	Dare__XP-009294385.1
OG0000203	Dare	Bilateria	9	XP-009294386.1	Dare__XP-009294386.1
OG0000203	Dare	Bilateria	9	XP-009294387.1	Dare__XP-009294387.1
OG0000203	Dare	Bilateria	9	XP-009298561.1	Dare__XP-009298561.1
OG0000203	Dare	Bilateria	9	XP-009298563.1	Dare__XP-009298563.1
OG0000203	Dare	Bilateria	9	XP-009300991.1	Dare__XP-009300991.1
OG0000203	Dare	Bilateria	9	XP-009302617.1	Dare__XP-009302617.1
OG0000203	Dare	Bilateria	9	XP-021327466.1	Dare__XP-021327466.1
OG0000203	Dare	Bilateria	9	XP-021329527.1	Dare__XP-021329527.1
OG0000203	Dare	Bilateria	9	XP-021334187.1	Dare__XP-021334187.1
OG0000203	Dare	Bilateria	9	XP-021334188.1	Dare__XP-021334188.1
OG0000203	Dare	Bilateria	9	XP-068070978.1	Dare__XP-068070978.1
OG0000203	Dare	Bilateria	9	XP-068073624.1	Dare__XP-068073624.1
OG0000203	Dare	Bilateria	9	XP-068073625.1	Dare__XP-068073625.1
OG0000203	Dare	Bilateria	9	XP-068073626.1	Dare__XP-068073626.1
OG0000203	Dare	Bilateria	9	XP-068075763.1	Dare__XP-068075763.1
OG0000203	Dare	Bilateria	9	XP-068076868.1	Dare__XP-068076868.1
OG0000203	Dare	Bilateria	9	XP-068076869.1	Dare__XP-068076869.1
OG0000203	Dare	Bilateria	9	XP-068080513.1	Dare__XP-068080513.1
OG0000203	Dare	Bilateria	9	XP-068080514.1	Dare__XP-068080514.1
OG0000203	Dare	Bilateria	9	XP-068080515.1	Dare__XP-068080515.1
OG0000203	Dare	Bilateria	9	XP-068080516.1	Dare__XP-068080516.1
OG0000203	HoH13	Placozoa	3	Hhon-g01659.t1	HoH13__Hhon-g01659.t1
OG0000203	HoH13	Placozoa	3	Hhon-g01660.t1	HoH13__Hhon-g01660.t1
OG0000203	HoH13	Placozoa	3	Hhon-g02193.t1	HoH13__Hhon-g02193.t1
OG0000203	HoH13	Placozoa	3	Hhon-g05648.t1	HoH13__Hhon-g05648.t1
OG0000203	HoH13	Placozoa	3	Hhon-g05654.t1	HoH13__Hhon-g05654.t1
OG0000203	Neve	Cnidaria	8	NV2.16117	Neve__NV2.16117
OG0000203	Neve	Cnidaria	8	NV2.1994	Neve__NV2.1994
OG0000203	Neve	Cnidaria	8	NV2.3042	Neve__NV2.3042
OG0000203	Neve	Cnidaria	8	NV2.3321	Neve__NV2.3321
OG0000203	Neve	Cnidaria	8	NV2.628	Neve__NV2.628
OG0000203	Neve	Cnidaria	8	NV2.903	Neve__NV2.903
OG0000203	Neve	Cnidaria	8	NV2.904	Neve__NV2.904
OG0000203	Neve	Cnidaria	8	NV2.907	Neve__NV2.907
OG0000203	Neve	Cnidaria	8	NV2.908	Neve__NV2.908
OG0000203	Spla	Porifera	1	c103547-g1	Spla__c103547-g1
OG0000203	Spla	Porifera	1	c103547-g2	Spla__c103547-g2
OG0000203	Spla	Porifera	1	c103547-g3	Spla__c103547-g3
OG0000203	Spla	Porifera	1	c88196-g1	Spla__c88196-g1
OG0000203	TrH1	Placozoa	5	Tadh-TriadG53363	TrH1__Tadh-TriadG53363
OG0000203	TrH1	Placozoa	5	Tadh-TriadG53364	TrH1__Tadh-TriadG53364
OG0000203	TrH1	Placozoa	5	Tadh-TriadG55341	TrH1__Tadh-TriadG55341
OG0000203	TrH1	Placozoa	5	Tadh-TriadG56910	TrH1__Tadh-TriadG56910
OG0000203	TrH1	Placozoa	5	Tadh-TriadG56917	TrH1__Tadh-TriadG56917
OG0000203	TrH2	Placozoa	4	TrH2-TrispH2-003756	TrH2__TrH2-TrispH2-003756
OG0000203	TrH2	Placozoa	4	TrH2-TrispH2-003762	TrH2__TrH2-TrispH2-003762
OG0000203	TrH2	Placozoa	4	TrH2-TrispH2-004133	TrH2__TrH2-TrispH2-004133
OG0000203	TrH2	Placozoa	4	TrH2-TrispH2-004901	TrH2__TrH2-TrispH2-004901
OG0000260	Auco	Cnidaria	6	XLOC-006615#DUS10-MOUSE#Q9ESS0	Auco__XLOC-006615#DUS10-MOUSE#Q9ESS0
OG0000260	Auco	Cnidaria	6	XLOC-012230#DUS18-HUMAN#Q8NEJ0	Auco__XLOC-012230#DUS18-HUMAN#Q8NEJ0
OG0000260	Auco	Cnidaria	6	XLOC-015176#DUS7-HUMAN#Q16829	Auco__XLOC-015176#DUS7-HUMAN#Q16829
OG0000260	Auco	Cnidaria	6	XLOC-018160#DUS16-HUMAN#Q9BY84	Auco__XLOC-018160#DUS16-HUMAN#Q9BY84
OG0000260	Auco	Cnidaria	6	XLOC-026592#DUS4-CHICK#Q9PW71	Auco__XLOC-026592#DUS4-CHICK#Q9PW71
OG0000260	Auco	Cnidaria	6	gene-evm.model.ptg000002l.63#DUS4-CHICK#Q9PW71	Auco__gene-evm.model.ptg000002l.63#DUS4-CHICK#Q9PW71
OG0000260	Auco	Cnidaria	6	gene-evm.model.ptg000004l.607-1#DUS7-HUMAN#Q16829	Auco__gene-evm.model.ptg000004l.607-1#DUS7-HUMAN#Q16829
OG0000260	Auco	Cnidaria	6	gene-evm.model.ptg000006l.346#DUS16-HUMAN#Q9BY84	Auco__gene-evm.model.ptg000006l.346#DUS16-HUMAN#Q9BY84
OG0000260	Auco	Cnidaria	6	gene-evm.model.ptg000012l.203#DUS10-MOUSE#Q9ESS0	Auco__gene-evm.model.ptg000012l.203#DUS10-MOUSE#Q9ESS0
OG0000260	ClH23	Placozoa	2	HoiH23-PlH23-002311	ClH23__HoiH23-PlH23-002311
OG0000260	ClH23	Placozoa	2	HoiH23-PlH23-005759	ClH23__HoiH23-PlH23-005759
OG0000260	Clhe	Cnidaria	7	TRINITY-DN1836-c0-g1-i1	Clhe__TRINITY-DN1836-c0-g1-i1
OG0000260	Clhe	Cnidaria	7	TRINITY-DN1836-c0-g1-i7	Clhe__TRINITY-DN1836-c0-g1-i7
OG0000260	Clhe	Cnidaria	7	XLOC-006153	Clhe__XLOC-006153
OG0000260	Clhe	Cnidaria	7	XLOC-009683	Clhe__XLOC-009683
OG0000260	Clhe	Cnidaria	7	XLOC-013242	Clhe__XLOC-013242
OG0000260	Clhe	Cnidaria	7	XLOC-042200	Clhe__XLOC-042200
OG0000260	Dare	Bilateria	9	NP-001003451.1	Dare__NP-001003451.1
OG0000260	Dare	Bilateria	9	NP-001006060.1	Dare__NP-001006060.1
OG0000260	Dare	Bilateria	9	NP-001034926.1	Dare__NP-001034926.1
OG0000260	Dare	Bilateria	9	NP-001037772.1	Dare__NP-001037772.1
OG0000260	Dare	Bilateria	9	NP-001038858.1	Dare__NP-001038858.1
OG0000260	Dare	Bilateria	9	NP-001071077.1	Dare__NP-001071077.1
OG0000260	Dare	Bilateria	9	NP-001103865.1	Dare__NP-001103865.1
OG0000260	Dare	Bilateria	9	NP-001139098.1	Dare__NP-001139098.1
OG0000260	Dare	Bilateria	9	NP-919361.1	Dare__NP-919361.1
OG0000260	Dare	Bilateria	9	NP-956068.3	Dare__NP-956068.3
OG0000260	Dare	Bilateria	9	NP-957174.1	Dare__NP-957174.1
OG0000260	Dare	Bilateria	9	NP-957465.1	Dare__NP-957465.1
OG0000260	Dare	Bilateria	9	NP-997730.1	Dare__NP-997730.1
OG0000260	Dare	Bilateria	9	NP-998232.2	Dare__NP-998232.2
OG0000260	Dare	Bilateria	9	NP-998405.2	Dare__NP-998405.2
OG0000260	Dare	Bilateria	9	XP-001340818.2	Dare__XP-001340818.2
OG0000260	Dare	Bilateria	9	XP-001344248.3	Dare__XP-001344248.3
OG0000260	Dare	Bilateria	9	XP-001344320.3	Dare__XP-001344320.3
OG0000260	Dare	Bilateria	9	XP-002665347.3	Dare__XP-002665347.3
OG0000260	Dare	Bilateria	9	XP-003199724.5	Dare__XP-003199724.5
OG0000260	Dare	Bilateria	9	XP-003200822.1	Dare__XP-003200822.1
OG0000260	Dare	Bilateria	9	XP-005163303.1	Dare__XP-005163303.1
OG0000260	Dare	Bilateria	9	XP-005170736.1	Dare__XP-005170736.1
OG0000260	Dare	Bilateria	9	XP-005170737.1	Dare__XP-005170737.1
OG0000260	Dare	Bilateria	9	XP-005171464.2	Dare__XP-005171464.2
OG0000260	Dare	Bilateria	9	XP-021322390.1	Dare__XP-021322390.1
OG0000260	Dare	Bilateria	9	XP-021328231.1	Dare__XP-021328231.1
OG0000260	Dare	Bilateria	9	XP-021336622.1	Dare__XP-021336622.1
OG0000260	Dare	Bilateria	9	XP-068069632.1	Dare__XP-068069632.1
OG0000260	Dare	Bilateria	9	XP-068071812.1	Dare__XP-068071812.1
OG0000260	Dare	Bilateria	9	XP-068071813.1	Dare__XP-068071813.1
OG0000260	Dare	Bilateria	9	XP-068075676.1	Dare__XP-068075676.1
OG0000260	Dare	Bilateria	9	XP-699429.2	Dare__XP-699429.2
OG0000260	HoH13	Placozoa	3	Hhon-g07631.t1	HoH13__Hhon-g07631.t1
OG0000260	Neve	Cnidaria	8	NV2.1162	Neve__NV2.1162
OG0000260	Neve	Cnidaria	8	NV2.12871	Neve__NV2.12871
OG0000260	Neve	Cnidaria	8	NV2.17917	Neve__NV2.17917
OG0000260	Neve	Cnidaria	8	NV2.20709	Neve__NV2.20709
OG0000260	Neve	Cnidaria	8	NV2.25103	Neve__NV2.25103
OG0000260	Neve	Cnidaria	8	NV2.9858	Neve__NV2.9858
OG0000260	Spla	Porifera	1	c100578-g1	Spla__c100578-g1
OG0000260	Spla	Porifera	1	c113738-g1	Spla__c113738-g1
OG0000260	Spla	Porifera	1	c5950-g1	Spla__c5950-g1
OG0000260	Spla	Porifera	1	c95493-g1	Spla__c95493-g1
OG0000260	Spla	Porifera	1	c95589-g1	Spla__c95589-g1
OG0000260	Spla	Porifera	1	c96889-g1	Spla__c96889-g1
OG0000260	TrH1	Placozoa	5	Tadh-TriadG14780	TrH1__Tadh-TriadG14780
OG0000260	TrH1	Placozoa	5	Tadh-TriadG19907	TrH1__Tadh-TriadG19907
OG0000260	TrH1	Placozoa	5	Tadh-TriadG58667	TrH1__Tadh-TriadG58667
OG0000260	TrH2	Placozoa	4	TrH2-TrispH2-006208	TrH2__TrH2-TrispH2-006208
OG0000260	TrH2	Placozoa	4	TrH2-TrispH2-007537	TrH2__TrH2-TrispH2-007537
