,"Auco_EM, Epidermal/Muscle cell","Auco_EM, Epidermal/Muscle cell",TrH1_lipophil,TrH1_lipophil,Clhe_Nematocyte,Clhe_Nematocyte,"Auco_HA, Hair cell","Auco_HA, Hair cell","Auco_CN, Cnidocytes/Nematocyte cell","Auco_CN, Cnidocytes/Nematocyte cell","Auco_GL, Gland cell","Auco_GL, Gland cell",Clhe_Gland Cell,Clhe_Gland Cell,Clhe_Epidermal/Muscle,Clhe_Epidermal/Muscle,Clhe_Gastroderm,Clhe_Gastroderm,"Auco_GA, Gastrodermal cell","Auco_GA, Gastrodermal cell",TrH1_gland,TrH1_gland,Clhe_Neural,Clhe_Neural,"Auco_NE, Neural cell","Auco_NE, Neural cell",TrH1_epithelia,TrH1_epithelia,TrH1_fibre,TrH1_fibre,Clhe_Stem Cell/Germ Cell,Clhe_Stem Cell/Germ Cell,TrH1_trans,TrH1_trans,"Auco_SG, Stem/Germline cell","Auco_SG, Stem/Germline cell",TrH1_peptidergic,TrH1_peptidergic,Clhe_Bioluminescent Cells,Clhe_Bioluminescent Cells,TrH1_epithelia_gland_like,TrH1_epithelia_gland_like,TrH1_meiotic,TrH1_meiotic
,Cluster,Alignment score,Cluster,Alignment score,Cluster,Alignment score,Cluster,Alignment score,Cluster,Alignment score,Cluster,Alignment score,Cluster,Alignment score,Cluster,Alignment score,Cluster,Alignment score,Cluster,Alignment score,Cluster,Alignment score,Cluster,Alignment score,Cluster,Alignment score,Cluster,Alignment score,Cluster,Alignment score,Cluster,Alignment score,Cluster,Alignment score,Cluster,Alignment score,Cluster,Alignment score,Cluster,Alignment score,Cluster,Alignment score,Cluster,Alignment score
0,TrH1_lipophil,0.8997166034242812,"Auco_EM, Epidermal/Muscle cell",0.8997166034242812,"Auco_HA, Hair cell",0.8018598239972243,Clhe_Nematocyte,0.8018598239972243,Clhe_Nematocyte,0.709750646246356,Clhe_Gland Cell,0.7090003816072739,"Auco_GL, Gland cell",0.7090003816072739,"Auco_EM, Epidermal/Muscle cell",0.6655431300360617,"Auco_GA, Gastrodermal cell",0.6048420979600809,Clhe_Gastroderm,0.6048420979600809,Clhe_Gland Cell,0.5983758702072668,"Auco_NE, Neural cell",0.5819257826039649,Clhe_Neural,0.5819257826039649,"Auco_HA, Hair cell",0.44150699545674144,Clhe_Gastroderm,0.40885224460366043,TrH1_epithelia,0.3265605415166683,"Auco_EM, Epidermal/Muscle cell",0.31752916185381747,TrH1_epithelia,0.315192815293435,"Auco_GL, Gland cell",0.2920724532468214,"Auco_GA, Gastrodermal cell",0.2920397983011651,Clhe_Neural,0.2624013109451767,"Auco_NE, Neural cell",0.18107494920158337
1,Clhe_Epidermal/Muscle,0.6655431300360617,Clhe_Gastroderm,0.3147688350819183,"Auco_CN, Cnidocytes/Nematocyte cell",0.709750646246356,TrH1_epithelia,0.44150699545674144,TrH1_fibre,0.2949159689705257,TrH1_gland,0.5296161819375156,TrH1_gland,0.5983758702072668,TrH1_lipophil,0.2925460771667499,TrH1_fibre,0.40885224460366043,Clhe_Bioluminescent Cells,0.2920397983011651,"Auco_GL, Gland cell",0.5296161819375156,TrH1_epithelia,0.3079079616853169,TrH1_peptidergic,0.27704008335671837,Clhe_Stem Cell/Germ Cell,0.3265605415166683,"Auco_CN, Cnidocytes/Nematocyte cell",0.2949159689705257,"Auco_EM, Epidermal/Muscle cell",0.2504735642210454,Clhe_Gastroderm,0.16944577476202474,TrH1_epithelia_gland_like,0.20958160330345693,"Auco_NE, Neural cell",0.27704008335671837,"Auco_EM, Epidermal/Muscle cell",0.11324503510849723,"Auco_EM, Epidermal/Muscle cell",0.22307192142345061,"Auco_SG, Stem/Germline cell",0.15670693788745582
2,TrH1_trans,0.31752916185381747,Clhe_Epidermal/Muscle,0.2925460771667499,TrH1_peptidergic,0.20365632655141513,TrH1_trans,0.06402026011299841,Clhe_Stem Cell/Germ Cell,0.12875951541430797,TrH1_peptidergic,0.2920724532468214,TrH1_peptidergic,0.1182855411700191,TrH1_epithelia,0.21598005537329765,TrH1_lipophil,0.3147688350819183,TrH1_epithelia,0.2753410784608195,"Auco_GA, Gastrodermal cell",0.12470745554544863,TrH1_epithelia_gland_like,0.2624013109451767,Clhe_Stem Cell/Germ Cell,0.18869735591339085,"Auco_SG, Stem/Germline cell",0.315192815293435,Clhe_Stem Cell/Germ Cell,0.15955776956312387,"Auco_NE, Neural cell",0.18869735591339085,Clhe_Stem Cell/Germ Cell,0.14211245911928833,Clhe_Neural,0.16547483428939852,Clhe_Nematocyte,0.20365632655141513,"Auco_CN, Cnidocytes/Nematocyte cell",0.05333704035808878,"Auco_SG, Stem/Germline cell",0.20958160330345693,Clhe_Nematocyte,0.15341710932176203
3,TrH1_epithelia,0.2879386699424084,"Auco_NE, Neural cell",0.020344116612192036,TrH1_epithelia,0.17191792253109583,Clhe_Stem Cell/Germ Cell,0.026948516446507937,TrH1_peptidergic,0.07044659297258678,TrH1_epithelia,0.15971810430410133,TrH1_trans,0.112736304292903,TrH1_trans,0.10919237516170935,TrH1_trans,0.16944577476202474,TrH1_gland,0.12470745554544863,Clhe_Gastroderm,0.09136163875916437,"Auco_SG, Stem/Germline cell",0.16547483428939852,TrH1_meiotic,0.18107494920158337,Clhe_Neural,0.3079079616853169,"Auco_EM, Epidermal/Muscle cell",0.1500939145191403,"Auco_SG, Stem/Germline cell",0.16483407545661707,Clhe_Gland Cell,0.112736304292903,Clhe_Stem Cell/Germ Cell,0.16483407545661707,Clhe_Neural,0.12050072655252722,TrH1_epithelia,0.04890831566180022,Clhe_Stem Cell/Germ Cell,0.15693072815497655,Clhe_Neural,0.1440418543683898
4,Clhe_Stem Cell/Germ Cell,0.2504735642210454,Clhe_Bioluminescent Cells,0.011645044994525313,TrH1_meiotic,0.15341710932176203,Clhe_Epidermal/Muscle,0.017344536632731593,TrH1_epithelia,0.06333399446520116,TrH1_trans,0.11253561924828326,TrH1_epithelia,0.09691960723346657,TrH1_epithelia_gland_like,0.10184453206280578,"Auco_EM, Epidermal/Muscle cell",0.15805851580770117,TrH1_epithelia_gland_like,0.11297654535819483,"Auco_SG, Stem/Germline cell",0.06367132568191328,TrH1_meiotic,0.1440418543683898,TrH1_epithelia,0.11240263744102588,"Auco_EM, Epidermal/Muscle cell",0.2879386699424084,"Auco_NE, Neural cell",0.10539825417578019,TrH1_fibre,0.15955776956312387,"Auco_GL, Gland cell",0.11253561924828326,TrH1_meiotic,0.15670693788745582,Clhe_Gland Cell,0.1182855411700191,"Auco_SG, Stem/Germline cell",0.01197474723954899,"Auco_GA, Gastrodermal cell",0.11297654535819483,"Auco_EM, Epidermal/Muscle cell",0.03403598645034605
5,TrH1_epithelia_gland_like,0.22307192142345061,"Auco_SG, Stem/Germline cell",0.006805922076544882,TrH1_trans,0.06439913332500716,TrH1_epithelia_gland_like,0.015466089398627281,Clhe_Bioluminescent Cells,0.05333704035808878,TrH1_epithelia_gland_like,0.09414436510424395,TrH1_epithelia_gland_like,0.0958347976282387,"Auco_SG, Stem/Germline cell",0.09687189758052503,TrH1_epithelia,0.13465360238350055,TrH1_trans,0.07262378879139857,"Auco_EM, Epidermal/Muscle cell",0.04771781024885285,TrH1_peptidergic,0.12050072655252722,TrH1_fibre,0.10539825417578019,"Auco_GA, Gastrodermal cell",0.2753410784608195,Clhe_Neural,0.07744836694535681,TrH1_epithelia_gland_like,0.15693072815497655,Clhe_Epidermal/Muscle,0.10919237516170935,Clhe_Gastroderm,0.10377846774623452,"Auco_SG, Stem/Germline cell",0.08318915866965401,TrH1_lipophil,0.011645044994525313,Clhe_Epidermal/Muscle,0.10184453206280578,Clhe_Gastroderm,0.014136661729005554
6,Clhe_Gastroderm,0.15805851580770117,Clhe_Stem Cell/Germ Cell,0.005147054067263116,TrH1_fibre,0.06222944384825032,TrH1_peptidergic,0.013881808199322571,TrH1_trans,0.03655153104461463,Clhe_Neural,0.050695732434436425,"Auco_EM, Epidermal/Muscle cell",0.07861355883493279,"Auco_NE, Neural cell",0.042937135015382155,"Auco_SG, Stem/Germline cell",0.10377846774623452,Clhe_Stem Cell/Germ Cell,0.06275972048711845,Clhe_Stem Cell/Germ Cell,0.044772119708846696,TrH1_fibre,0.07744836694535681,TrH1_trans,0.0558948438264096,Clhe_Epidermal/Muscle,0.21598005537329765,Clhe_Nematocyte,0.06222944384825032,TrH1_trans,0.14211245911928833,"Auco_GA, Gastrodermal cell",0.07262378879139857,Clhe_Epidermal/Muscle,0.09687189758052503,"Auco_CN, Cnidocytes/Nematocyte cell",0.07044659297258678,TrH1_trans,0.010596139015865858,Clhe_Gland Cell,0.0958347976282387,"Auco_HA, Hair cell",0.011373763609359443
7,TrH1_fibre,0.1500939145191403,"Auco_GL, Gland cell",0.0035779956262667586,"Auco_NE, Neural cell",0.028055084248241262,TrH1_gland,0.01341004253120369,TrH1_gland,0.03496988497768231,Clhe_Stem Cell/Germ Cell,0.038246872289771305,"Auco_NE, Neural cell",0.027147381964803863,TrH1_gland,0.02575989937685098,TrH1_gland,0.09136163875916437,TrH1_peptidergic,0.0327227997487584,"Auco_CN, Cnidocytes/Nematocyte cell",0.03496988497768231,TrH1_trans,0.06309590865215306,Clhe_Epidermal/Muscle,0.042937135015382155,Clhe_Nematocyte,0.17191792253109583,"Auco_SG, Stem/Germline cell",0.027534077009712672,"Auco_CN, Cnidocytes/Nematocyte cell",0.12875951541430797,Clhe_Nematocyte,0.06439913332500716,TrH1_peptidergic,0.08318915866965401,"Auco_EM, Epidermal/Muscle cell",0.07010151294890773,"Auco_NE, Neural cell",0.009579440050847602,"Auco_GL, Gland cell",0.09414436510424395,"Auco_GL, Gland cell",0.011169580854763862
8,Clhe_Bioluminescent Cells,0.11324503510849723,"Auco_HA, Hair cell",0.003298289993580681,TrH1_epithelia_gland_like,0.021212840425983596,TrH1_fibre,0.01300228682337121,TrH1_epithelia_gland_like,0.02171936275787175,Clhe_Gastroderm,0.0278968983942051,"Auco_GA, Gastrodermal cell",0.024662747734481655,TrH1_peptidergic,0.0215689416863641,TrH1_epithelia_gland_like,0.04138166937571168,Clhe_Gland Cell,0.024662747734481655,Clhe_Neural,0.02960168126952297,"Auco_EM, Epidermal/Muscle cell",0.056455018060489894,Clhe_Gastroderm,0.03290901834177194,"Auco_GL, Gland cell",0.15971810430410133,"Auco_GA, Gastrodermal cell",0.02136221382409591,TrH1_peptidergic,0.07001053100433666,"Auco_HA, Hair cell",0.06402026011299841,TrH1_gland,0.06367132568191328,Clhe_Stem Cell/Germ Cell,0.07001053100433666,TrH1_fibre,0.009206478866941837,Clhe_Gastroderm,0.04138166937571168,"Auco_GA, Gastrodermal cell",0.006935913204140094
9,Clhe_Gland Cell,0.07861355883493279,"Auco_GA, Gastrodermal cell",0.0029534541332374683,"Auco_SG, Stem/Germline cell",0.018537436953311427,Clhe_Gastroderm,0.011782955835311887,Clhe_Epidermal/Muscle,0.020445755314204703,Clhe_Epidermal/Muscle,0.011343484736077426,"Auco_SG, Stem/Germline cell",0.018663114557899575,"Auco_CN, Cnidocytes/Nematocyte cell",0.020445755314204703,TrH1_peptidergic,0.03514633724923157,TrH1_fibre,0.02136221382409591,Clhe_Epidermal/Muscle,0.02575989937685098,"Auco_GL, Gland cell",0.050695732434436425,Clhe_Nematocyte,0.028055084248241262,Clhe_Gastroderm,0.13465360238350055,"Auco_HA, Hair cell",0.01300228682337121,"Auco_GA, Gastrodermal cell",0.06275972048711845,Clhe_Neural,0.06309590865215306,TrH1_trans,0.03647789615722891,Clhe_Gastroderm,0.03514633724923157,TrH1_peptidergic,0.00637376597586813,"Auco_CN, Cnidocytes/Nematocyte cell",0.02171936275787175,Clhe_Epidermal/Muscle,0.006175728925178709
10,TrH1_peptidergic,0.07010151294890773,Clhe_Nematocyte,0.0028732017954516413,"Auco_EM, Epidermal/Muscle cell",0.01403276857923937,TrH1_meiotic,0.011373763609359443,Clhe_Neural,0.01538699841555762,TrH1_meiotic,0.011169580854763862,TrH1_fibre,0.009053398253535747,"Auco_GA, Gastrodermal cell",0.01895282527145384,"Auco_NE, Neural cell",0.03290901834177194,Clhe_Epidermal/Muscle,0.01895282527145384,"Auco_NE, Neural cell",0.023712702093785697,TrH1_gland,0.02960168126952297,Clhe_Gland Cell,0.027147381964803863,"Auco_NE, Neural cell",0.11240263744102588,Clhe_Epidermal/Muscle,0.00946101794637314,TrH1_gland,0.044772119708846696,"Auco_NE, Neural cell",0.0558948438264096,TrH1_fibre,0.027534077009712672,"Auco_GA, Gastrodermal cell",0.0327227997487584,TrH1_gland,0.006159173504793869,Clhe_Nematocyte,0.021212840425983596,Clhe_Gland Cell,0.005010089437110005
11,Clhe_Neural,0.056455018060489894,Clhe_Neural,0.0019198295493000935,TrH1_gland,0.01292605981837656,Clhe_Neural,0.009946300921348485,Clhe_Gland Cell,0.007131132860270591,TrH1_fibre,0.0053538321924087775,"Auco_CN, Cnidocytes/Nematocyte cell",0.007131132860270591,"Auco_HA, Hair cell",0.017344536632731593,"Auco_GL, Gland cell",0.0278968983942051,Clhe_Neural,0.013431775290772238,"Auco_HA, Hair cell",0.01341004253120369,"Auco_CN, Cnidocytes/Nematocyte cell",0.01538699841555762,TrH1_gland,0.023712702093785697,Clhe_Gland Cell,0.09691960723346657,Clhe_Bioluminescent Cells,0.009206478866941837,"Auco_GL, Gland cell",0.038246872289771305,"Auco_CN, Cnidocytes/Nematocyte cell",0.03655153104461463,Clhe_Gland Cell,0.018663114557899575,Clhe_Epidermal/Muscle,0.0215689416863641,"Auco_GL, Gland cell",0.003828421941858305,"Auco_HA, Hair cell",0.015466089398627281,Clhe_Stem Cell/Germ Cell,0.004252031027389025
12,TrH1_gland,0.04771781024885285,"Auco_CN, Cnidocytes/Nematocyte cell",0.0007832164124882733,"Auco_GA, Gastrodermal cell",0.010762691657594418,Clhe_Gland Cell,0.005207908096333509,Clhe_Gastroderm,0.005228885342946531,Clhe_Nematocyte,0.004739448572801337,"Auco_HA, Hair cell",0.005207908096333509,"Auco_GL, Gland cell",0.011343484736077426,TrH1_meiotic,0.014136661729005554,Clhe_Nematocyte,0.010762691657594418,Clhe_Nematocyte,0.01292605981837656,"Auco_GA, Gastrodermal cell",0.013431775290772238,TrH1_lipophil,0.020344116612192036,"Auco_CN, Cnidocytes/Nematocyte cell",0.06333399446520116,Clhe_Gland Cell,0.009053398253535747,"Auco_HA, Hair cell",0.026948516446507937,"Auco_SG, Stem/Germline cell",0.03647789615722891,Clhe_Nematocyte,0.018537436953311427,"Auco_HA, Hair cell",0.013881808199322571,TrH1_epithelia_gland_like,0.0032328027993261074,"Auco_NE, Neural cell",0.013209294456123349,"Auco_CN, Cnidocytes/Nematocyte cell",0.0004072603417253456
13,TrH1_meiotic,0.03403598645034605,Clhe_Gland Cell,0.0,"Auco_GL, Gland cell",0.004739448572801337,TrH1_lipophil,0.003298289993580681,TrH1_lipophil,0.0007832164124882733,Clhe_Bioluminescent Cells,0.003828421941858305,TrH1_meiotic,0.005010089437110005,TrH1_fibre,0.00946101794637314,"Auco_HA, Hair cell",0.011782955835311887,TrH1_meiotic,0.006935913204140094,Clhe_Bioluminescent Cells,0.006159173504793869,"Auco_HA, Hair cell",0.009946300921348485,TrH1_epithelia_gland_like,0.013209294456123349,Clhe_Bioluminescent Cells,0.04890831566180022,"Auco_GL, Gland cell",0.0053538321924087775,TrH1_lipophil,0.005147054067263116,Clhe_Bioluminescent Cells,0.010596139015865858,Clhe_Bioluminescent Cells,0.01197474723954899,Clhe_Bioluminescent Cells,0.00637376597586813,"Auco_HA, Hair cell",0.0011934322315866421,Clhe_Bioluminescent Cells,0.0032328027993261074,TrH1_gland,0.0
14,Clhe_Nematocyte,0.01403276857923937,TrH1_epithelia,0.0,TrH1_lipophil,0.0028732017954516413,Clhe_Bioluminescent Cells,0.0011934322315866421,TrH1_meiotic,0.0004072603417253456,TrH1_lipophil,0.0035779956262667586,Clhe_Epidermal/Muscle,0.0,TrH1_meiotic,0.006175728925178709,"Auco_CN, Cnidocytes/Nematocyte cell",0.005228885342946531,TrH1_lipophil,0.0029534541332374683,TrH1_epithelia,0.0,TrH1_lipophil,0.0019198295493000935,Clhe_Bioluminescent Cells,0.009579440050847602,TrH1_epithelia,0.0,TrH1_epithelia,0.0,TrH1_meiotic,0.004252031027389025,TrH1_epithelia,0.0,TrH1_lipophil,0.006805922076544882,TrH1_epithelia,0.0,Clhe_Epidermal/Muscle,0.0,TrH1_epithelia,0.0,TrH1_peptidergic,0.0
15,"Auco_GA, Gastrodermal cell",0.0,TrH1_epithelia_gland_like,0.0,Clhe_Stem Cell/Germ Cell,0.0,"Auco_SG, Stem/Germline cell",0.0,"Auco_CN, Cnidocytes/Nematocyte cell",0.0,"Auco_SG, Stem/Germline cell",0.0,Clhe_Stem Cell/Germ Cell,0.0,Clhe_Epidermal/Muscle,0.0,Clhe_Epidermal/Muscle,0.0,"Auco_CN, Cnidocytes/Nematocyte cell",0.0,TrH1_epithelia_gland_like,0.0,Clhe_Epidermal/Muscle,0.0,"Auco_SG, Stem/Germline cell",0.0,TrH1_epithelia_gland_like,0.0,TrH1_epithelia_gland_like,0.0,Clhe_Epidermal/Muscle,0.0,TrH1_epithelia_gland_like,0.0,"Auco_SG, Stem/Germline cell",0.0,TrH1_epithelia_gland_like,0.0,Clhe_Stem Cell/Germ Cell,0.0,TrH1_epithelia_gland_like,0.0,TrH1_meiotic,0.0
16,"Auco_GL, Gland cell",0.0,TrH1_fibre,0.0,Clhe_Neural,0.0,"Auco_NE, Neural cell",0.0,"Auco_EM, Epidermal/Muscle cell",0.0,"Auco_NE, Neural cell",0.0,Clhe_Neural,0.0,Clhe_Stem Cell/Germ Cell,0.0,Clhe_Stem Cell/Germ Cell,0.0,"Auco_EM, Epidermal/Muscle cell",0.0,TrH1_fibre,0.0,Clhe_Stem Cell/Germ Cell,0.0,"Auco_NE, Neural cell",0.0,TrH1_fibre,0.0,TrH1_fibre,0.0,Clhe_Stem Cell/Germ Cell,0.0,TrH1_fibre,0.0,"Auco_NE, Neural cell",0.0,TrH1_fibre,0.0,Clhe_Neural,0.0,TrH1_fibre,0.0,TrH1_lipophil,0.0
17,"Auco_EM, Epidermal/Muscle cell",0.0,TrH1_gland,0.0,Clhe_Epidermal/Muscle,0.0,"Auco_GL, Gland cell",0.0,"Auco_GA, Gastrodermal cell",0.0,"Auco_GL, Gland cell",0.0,Clhe_Nematocyte,0.0,Clhe_Neural,0.0,Clhe_Neural,0.0,"Auco_GA, Gastrodermal cell",0.0,TrH1_gland,0.0,Clhe_Neural,0.0,"Auco_GL, Gland cell",0.0,TrH1_gland,0.0,TrH1_gland,0.0,Clhe_Neural,0.0,TrH1_gland,0.0,"Auco_GL, Gland cell",0.0,TrH1_gland,0.0,Clhe_Nematocyte,0.0,TrH1_gland,0.0,Clhe_Bioluminescent Cells,0.0
18,"Auco_NE, Neural cell",0.0,TrH1_lipophil,0.0,Clhe_Nematocyte,0.0,"Auco_GA, Gastrodermal cell",0.0,"Auco_GL, Gland cell",0.0,"Auco_GA, Gastrodermal cell",0.0,Clhe_Gland Cell,0.0,Clhe_Nematocyte,0.0,Clhe_Nematocyte,0.0,"Auco_GL, Gland cell",0.0,TrH1_lipophil,0.0,Clhe_Nematocyte,0.0,"Auco_GA, Gastrodermal cell",0.0,TrH1_lipophil,0.0,TrH1_lipophil,0.0,Clhe_Nematocyte,0.0,TrH1_lipophil,0.0,"Auco_GA, Gastrodermal cell",0.0,TrH1_lipophil,0.0,Clhe_Gland Cell,0.0,TrH1_lipophil,0.0,TrH1_fibre,0.0
19,"Auco_SG, Stem/Germline cell",0.0,TrH1_meiotic,0.0,Clhe_Gland Cell,0.0,"Auco_EM, Epidermal/Muscle cell",0.0,"Auco_NE, Neural cell",0.0,"Auco_EM, Epidermal/Muscle cell",0.0,TrH1_lipophil,0.0,Clhe_Gland Cell,0.0,Clhe_Gland Cell,0.0,"Auco_NE, Neural cell",0.0,TrH1_meiotic,0.0,Clhe_Gland Cell,0.0,"Auco_EM, Epidermal/Muscle cell",0.0,TrH1_meiotic,0.0,TrH1_meiotic,0.0,Clhe_Gland Cell,0.0,TrH1_meiotic,0.0,"Auco_EM, Epidermal/Muscle cell",0.0,TrH1_meiotic,0.0,TrH1_meiotic,0.0,TrH1_meiotic,0.0,TrH1_epithelia_gland_like,0.0
20,"Auco_CN, Cnidocytes/Nematocyte cell",0.0,TrH1_peptidergic,0.0,Clhe_Gastroderm,0.0,"Auco_CN, Cnidocytes/Nematocyte cell",0.0,"Auco_SG, Stem/Germline cell",0.0,"Auco_CN, Cnidocytes/Nematocyte cell",0.0,Clhe_Gastroderm,0.0,Clhe_Gastroderm,0.0,Clhe_Gastroderm,0.0,"Auco_SG, Stem/Germline cell",0.0,TrH1_peptidergic,0.0,Clhe_Gastroderm,0.0,"Auco_CN, Cnidocytes/Nematocyte cell",0.0,TrH1_peptidergic,0.0,TrH1_peptidergic,0.0,Clhe_Gastroderm,0.0,TrH1_peptidergic,0.0,"Auco_CN, Cnidocytes/Nematocyte cell",0.0,TrH1_peptidergic,0.0,Clhe_Gastroderm,0.0,TrH1_peptidergic,0.0,TrH1_epithelia,0.0
21,"Auco_HA, Hair cell",0.0,TrH1_trans,0.0,Clhe_Bioluminescent Cells,0.0,"Auco_HA, Hair cell",0.0,"Auco_HA, Hair cell",0.0,"Auco_HA, Hair cell",0.0,Clhe_Bioluminescent Cells,0.0,Clhe_Bioluminescent Cells,0.0,Clhe_Bioluminescent Cells,0.0,"Auco_HA, Hair cell",0.0,TrH1_trans,0.0,Clhe_Bioluminescent Cells,0.0,"Auco_HA, Hair cell",0.0,TrH1_trans,0.0,TrH1_trans,0.0,Clhe_Bioluminescent Cells,0.0,TrH1_trans,0.0,"Auco_HA, Hair cell",0.0,TrH1_trans,0.0,Clhe_Bioluminescent Cells,0.0,TrH1_trans,0.0,TrH1_trans,0.0
