,Clhe_Gland Cell,Clhe_Gland Cell,Auco_23,Auco_23,Clhe_Nematocyte,Clhe_Nematocyte,Auco_18,Auco_18,Clhe_Epidermal/Muscle,Clhe_Epidermal/Muscle,Auco_1,Auco_1,Auco_19,Auco_19,Auco_11,Auco_11,Auco_6,Auco_6,Auco_16,Auco_16,Auco_9,Auco_9,Clhe_Neural,Clhe_Neural,Auco_12,Auco_12,Clhe_Gastroderm,Clhe_Gastroderm,Auco_13,Auco_13,Auco_5,Auco_5,Auco_14,Auco_14,Auco_4,Auco_4,Auco_3,Auco_3,Auco_21,Auco_21,Auco_7,Auco_7,Auco_0,Auco_0,Auco_15,Auco_15,Auco_22,Auco_22,Auco_2,Auco_2,Auco_8,Auco_8,Clhe_Stem Cell/Germ Cell,Clhe_Stem Cell/Germ Cell,Clhe_Bioluminescent Cells,Clhe_Bioluminescent Cells,Auco_10,Auco_10,Auco_17,Auco_17,Auco_20,Auco_20
,Cluster,Alignment score,Cluster,Alignment score,Cluster,Alignment score,Cluster,Alignment score,Cluster,Alignment score,Cluster,Alignment score,Cluster,Alignment score,Cluster,Alignment score,Cluster,Alignment score,Cluster,Alignment score,Cluster,Alignment score,Cluster,Alignment score,Cluster,Alignment score,Cluster,Alignment score,Cluster,Alignment score,Cluster,Alignment score,Cluster,Alignment score,Cluster,Alignment score,Cluster,Alignment score,Cluster,Alignment score,Cluster,Alignment score,Cluster,Alignment score,Cluster,Alignment score,Cluster,Alignment score,Cluster,Alignment score,Cluster,Alignment score,Cluster,Alignment score,Cluster,Alignment score,Cluster,Alignment score,Cluster,Alignment score,Cluster,Alignment score
0,Auco_23,0.8950443265824383,Clhe_Gland Cell,0.8950443265824383,Auco_18,0.8838832711062322,Clhe_Nematocyte,0.8838832711062322,Auco_1,0.8668312676786233,Clhe_Epidermal/Muscle,0.8668312676786233,Clhe_Gland Cell,0.8636493638409088,Clhe_Nematocyte,0.8153669505362672,Clhe_Nematocyte,0.8018598239972246,Clhe_Nematocyte,0.7665520851048536,Clhe_Neural,0.7418526445394323,Auco_9,0.7418526445394323,Clhe_Gastroderm,0.7085003940258432,Auco_12,0.7085003940258432,Clhe_Gastroderm,0.6555876079101016,Clhe_Gastroderm,0.6027468394597711,Clhe_Gland Cell,0.5929906526882267,Clhe_Nematocyte,0.5731399351684812,Clhe_Gastroderm,0.5552484295908162,Clhe_Gastroderm,0.5486128419418558,Clhe_Neural,0.5354985707556056,Clhe_Epidermal/Muscle,0.4457176923264211,Clhe_Neural,0.3882991512679125,Clhe_Epidermal/Muscle,0.3076333847226064,Clhe_Gastroderm,0.3044191596340796,Clhe_Neural,0.24342664158004865,Auco_0,0.22473699825868104,Auco_5,0.2004126620914731,Clhe_Neural,0.19305921905368675,Clhe_Stem Cell/Germ Cell,0.16516115283962307,Clhe_Neural,0.1589450338115066
1,Auco_19,0.8636493638409088,Clhe_Gastroderm,0.010550516011967178,Auco_11,0.8153669505362672,Clhe_Bioluminescent Cells,0.007557050363660363,Auco_0,0.4457176923264211,Clhe_Stem Cell/Germ Cell,0.00972632010278621,Clhe_Stem Cell/Germ Cell,0.02519742068265854,Clhe_Bioluminescent Cells,0.018433549519639193,Clhe_Stem Cell/Germ Cell,0.026948516446507937,Clhe_Bioluminescent Cells,0.006934578955153018,Clhe_Stem Cell/Germ Cell,0.03897280550790095,Auco_7,0.5354985707556056,Clhe_Stem Cell/Germ Cell,0.025331072023151564,Auco_13,0.6555876079101016,Clhe_Stem Cell/Germ Cell,0.033434815558939984,Clhe_Bioluminescent Cells,0.2004126620914731,Clhe_Neural,0.08648982550391258,Clhe_Stem Cell/Germ Cell,0.18992932131441795,Clhe_Stem Cell/Germ Cell,0.08734205766041328,Clhe_Stem Cell/Germ Cell,0.011193807382814608,Clhe_Stem Cell/Germ Cell,0.1338165677945844,Clhe_Stem Cell/Germ Cell,0.22473699825868104,Clhe_Stem Cell/Germ Cell,0.0926644992768065,Clhe_Neural,0.10184292053827607,Clhe_Epidermal/Muscle,0.20639505886042153,Clhe_Stem Cell/Germ Cell,0.16331068471901872,Auco_10,0.19270763744806899,Auco_0,0.0856694692657262,Clhe_Stem Cell/Germ Cell,0.19270763744806899,Clhe_Neural,0.1345041541337076,Clhe_Stem Cell/Germ Cell,0.12180679779157659
2,Auco_14,0.5929906526882267,Clhe_Epidermal/Muscle,0.007240924491572556,Auco_6,0.8018598239972246,Clhe_Epidermal/Muscle,0.005235893182637069,Auco_22,0.3076333847226064,Clhe_Nematocyte,0.007147825014972043,Clhe_Gastroderm,0.007527402352122489,Clhe_Epidermal/Muscle,0.00939495341356893,Clhe_Epidermal/Muscle,0.017344536632731593,Clhe_Epidermal/Muscle,0.00397017514446091,Clhe_Nematocyte,0.034882470053938984,Auco_15,0.3882991512679125,Clhe_Epidermal/Muscle,0.014504136314504198,Auco_5,0.6027468394597711,Clhe_Nematocyte,0.00985559140282314,Clhe_Stem Cell/Germ Cell,0.06886907275724094,Clhe_Stem Cell/Germ Cell,0.059384090134352606,Clhe_Epidermal/Muscle,0.038242239230669675,Clhe_Bioluminescent Cells,0.08523095936059075,Clhe_Epidermal/Muscle,0.008244613376769046,Clhe_Epidermal/Muscle,0.040403067736782,Clhe_Gastroderm,0.17464207741474783,Clhe_Gastroderm,0.070473819392585,Clhe_Stem Cell/Germ Cell,0.06701331208966746,Clhe_Stem Cell/Germ Cell,0.09674755144022233,Clhe_Epidermal/Muscle,0.05008616819255781,Auco_4,0.18992932131441795,Auco_3,0.08523095936059075,Clhe_Gastroderm,0.13687314503410877,Clhe_Gastroderm,0.06606835904320066,Clhe_Gastroderm,0.08994206986057703
3,Auco_0,0.05473460462184989,Clhe_Stem Cell/Germ Cell,0.006384821061120723,Auco_16,0.7665520851048536,Clhe_Neural,0.0012613683960808195,Auco_2,0.20639505886042153,Clhe_Gastroderm,0.0054886110330737295,Clhe_Epidermal/Muscle,0.007409692431949897,Clhe_Stem Cell/Germ Cell,0.0026558648142588235,Clhe_Gastroderm,0.011782955835311887,Clhe_Gland Cell,0.0013753998589527395,Clhe_Gastroderm,0.027610381428009145,Auco_8,0.24342664158004865,Clhe_Gland Cell,0.009098424079045504,Auco_3,0.5552484295908162,Clhe_Epidermal/Muscle,0.009219591720887151,Clhe_Gland Cell,0.014164640102980205,Clhe_Gastroderm,0.04463253354577947,Clhe_Bioluminescent Cells,0.020411861519636216,Clhe_Epidermal/Muscle,0.02973616263844641,Clhe_Neural,0.0029194116867312368,Clhe_Nematocyte,0.03223728453743871,Clhe_Bioluminescent Cells,0.0856694692657262,Clhe_Epidermal/Muscle,0.0693629806399993,Clhe_Gastroderm,0.0512070584286166,Clhe_Bioluminescent Cells,0.02488401622583088,Clhe_Gastroderm,0.02864636456233457,Auco_17,0.16516115283962307,Auco_2,0.02488401622583088,Clhe_Epidermal/Muscle,0.11196874686572149,Clhe_Epidermal/Muscle,0.05516803277901196,Clhe_Epidermal/Muscle,0.05900802309730695
4,Auco_17,0.0370081719862893,Clhe_Neural,0.0003808419709023191,Auco_4,0.5731399351684812,Clhe_Stem Cell/Germ Cell,0.0009479644383364383,Auco_10,0.11196874686572149,Clhe_Neural,0.003067478989153521,Clhe_Nematocyte,0.005317369705507483,Clhe_Gland Cell,0.0023637706482065118,Clhe_Neural,0.009946300921348485,Clhe_Stem Cell/Germ Cell,0.0002821922944873137,Clhe_Epidermal/Muscle,0.02171287248656524,Auco_10,0.19305921905368675,Clhe_Nematocyte,0.007505578223033193,Auco_21,0.5486128419418558,Clhe_Gland Cell,0.006500717049976408,Clhe_Nematocyte,0.01371028185041726,Clhe_Epidermal/Muscle,0.014094197700677779,Clhe_Neural,0.01309823233772811,Clhe_Gland Cell,0.024102228965680768,Clhe_Nematocyte,0.0022918552455556867,Clhe_Gastroderm,0.02183503126051636,Clhe_Gland Cell,0.05473460462184989,Clhe_Nematocyte,0.018490393409639278,Clhe_Nematocyte,0.018698275381310782,Clhe_Gland Cell,0.023262206420218604,Clhe_Gland Cell,0.027712908636098054,Auco_8,0.16331068471901872,Auco_4,0.020411861519636216,Clhe_Nematocyte,0.023461902031691465,Clhe_Gland Cell,0.0370081719862893,Clhe_Gland Cell,0.01817455541569653
5,Auco_8,0.027712908636098054,Clhe_Bioluminescent Cells,0.0,Auco_9,0.034882470053938984,Clhe_Gastroderm,0.00019437012580592348,Auco_15,0.0693629806399993,Clhe_Bioluminescent Cells,0.0026915496169401887,Clhe_Neural,0.0040603119558095205,Clhe_Neural,0.0016387189156074756,Clhe_Gland Cell,0.005207908096333509,Clhe_Neural,0.0002516296328487618,Clhe_Gland Cell,0.01049760652249033,Auco_20,0.1589450338115066,Clhe_Neural,0.00650128554681814,Auco_2,0.3044191596340796,Clhe_Bioluminescent Cells,0.0025171395318499463,Clhe_Epidermal/Muscle,0.011586961154160457,Clhe_Nematocyte,0.004994737447480856,Clhe_Gastroderm,0.011237064367463512,Clhe_Neural,0.012491940040076161,Clhe_Gland Cell,0.0022487085169414192,Clhe_Gland Cell,0.006550609992221372,Clhe_Neural,0.05075488900165045,Clhe_Gland Cell,0.011298398395375785,Clhe_Gland Cell,0.014216702093785592,Clhe_Nematocyte,0.008188070276729518,Clhe_Nematocyte,0.022873788175687797,Auco_7,0.1338165677945844,Auco_11,0.018433549519639193,Clhe_Bioluminescent Cells,0.011169157821512548,Clhe_Nematocyte,0.011200471191196998,Clhe_Nematocyte,0.016704514192819805
6,Auco_3,0.024102228965680768,Auco_3,0.0,Auco_7,0.03223728453743871,Clhe_Gland Cell,6.0768807949340296e-05,Auco_20,0.05900802309730695,Clhe_Gland Cell,0.0015671447270672139,Clhe_Bioluminescent Cells,0.0013899592877361952,Clhe_Gastroderm,0.0011117691766176266,Clhe_Bioluminescent Cells,0.0011934322315866421,Clhe_Gastroderm,0.00015817797727603404,Clhe_Bioluminescent Cells,0.003624325101981,Auco_17,0.1345041541337076,Clhe_Bioluminescent Cells,0.0038790373172514145,Auco_0,0.17464207741474783,Clhe_Neural,0.0023067094605471955,Clhe_Neural,0.005460966030121508,Clhe_Bioluminescent Cells,0.0034099362887904947,Clhe_Gland Cell,0.007459144329135645,Clhe_Nematocyte,0.011106826236690988,Clhe_Bioluminescent Cells,0.0,Clhe_Bioluminescent Cells,0.0031879969791348576,Clhe_Nematocyte,0.014156799036131946,Clhe_Bioluminescent Cells,0.0023027479953266266,Clhe_Bioluminescent Cells,0.0007409079278307231,Clhe_Neural,0.006364992868295741,Clhe_Bioluminescent Cells,0.0004643699744051173,Auco_20,0.12180679779157659,Auco_10,0.011169157821512548,Clhe_Gland Cell,0.008811031160615223,Clhe_Bioluminescent Cells,0.0014818667897534006,Clhe_Bioluminescent Cells,0.0038170346822446926
7,Auco_2,0.023262206420218604,Auco_20,0.0,Auco_10,0.023461902031691465,Auco_3,0.0,Auco_17,0.05516803277901196,Auco_3,0.0,Auco_3,0.0,Auco_3,0.0,Auco_3,0.0,Auco_3,0.0,Auco_3,0.0,Auco_22,0.10184292053827607,Auco_3,0.0,Auco_10,0.13687314503410877,Auco_3,0.0,Auco_3,0.0,Auco_3,0.0,Auco_3,0.0,Auco_3,0.0,Auco_3,0.0,Auco_3,0.0,Auco_3,0.0,Auco_3,0.0,Auco_3,0.0,Auco_3,0.0,Auco_3,0.0,Auco_2,0.09674755144022233,Auco_18,0.007557050363660363,Auco_3,0.0,Auco_3,0.0,Auco_3,0.0
8,Auco_20,0.01817455541569653,Auco_21,0.0,Auco_8,0.022873788175687797,Auco_21,0.0,Auco_8,0.05008616819255781,Auco_21,0.0,Auco_21,0.0,Auco_21,0.0,Auco_21,0.0,Auco_21,0.0,Auco_21,0.0,Auco_14,0.08648982550391258,Auco_21,0.0,Auco_20,0.08994206986057703,Auco_21,0.0,Auco_21,0.0,Auco_21,0.0,Auco_21,0.0,Auco_21,0.0,Auco_21,0.0,Auco_21,0.0,Auco_21,0.0,Auco_21,0.0,Auco_21,0.0,Auco_21,0.0,Auco_21,0.0,Auco_15,0.0926644992768065,Auco_16,0.006934578955153018,Auco_21,0.0,Auco_21,0.0,Auco_21,0.0
9,Auco_22,0.014216702093785592,Auco_22,0.0,Auco_22,0.018698275381310782,Auco_22,0.0,Auco_7,0.040403067736782,Auco_22,0.0,Auco_22,0.0,Auco_22,0.0,Auco_22,0.0,Auco_22,0.0,Auco_22,0.0,Auco_0,0.05075488900165045,Auco_22,0.0,Auco_15,0.070473819392585,Auco_22,0.0,Auco_22,0.0,Auco_22,0.0,Auco_22,0.0,Auco_22,0.0,Auco_22,0.0,Auco_22,0.0,Auco_22,0.0,Auco_22,0.0,Auco_22,0.0,Auco_22,0.0,Auco_22,0.0,Auco_3,0.08734205766041328,Auco_12,0.0038790373172514145,Auco_22,0.0,Auco_22,0.0,Auco_22,0.0
10,Auco_5,0.014164640102980205,Auco_23,0.0,Auco_15,0.018490393409639278,Auco_23,0.0,Auco_4,0.038242239230669675,Auco_23,0.0,Auco_23,0.0,Auco_23,0.0,Auco_23,0.0,Auco_23,0.0,Auco_23,0.0,Auco_4,0.01309823233772811,Auco_23,0.0,Auco_17,0.06606835904320066,Auco_23,0.0,Auco_23,0.0,Auco_23,0.0,Auco_23,0.0,Auco_23,0.0,Auco_23,0.0,Auco_23,0.0,Auco_23,0.0,Auco_23,0.0,Auco_23,0.0,Auco_23,0.0,Auco_23,0.0,Auco_5,0.06886907275724094,Auco_20,0.0038170346822446926,Auco_23,0.0,Auco_23,0.0,Auco_23,0.0
11,Auco_15,0.011298398395375785,Auco_5,0.0,Auco_20,0.016704514192819805,Auco_6,0.0,Auco_3,0.02973616263844641,Auco_6,0.0,Auco_6,0.0,Auco_6,0.0,Auco_6,0.0,Auco_6,0.0,Auco_6,0.0,Auco_3,0.012491940040076161,Auco_6,0.0,Auco_22,0.0512070584286166,Auco_6,0.0,Auco_6,0.0,Auco_6,0.0,Auco_6,0.0,Auco_6,0.0,Auco_6,0.0,Auco_6,0.0,Auco_6,0.0,Auco_6,0.0,Auco_6,0.0,Auco_6,0.0,Auco_6,0.0,Auco_22,0.06701331208966746,Auco_9,0.003624325101981,Auco_6,0.0,Auco_6,0.0,Auco_6,0.0
12,Auco_9,0.01049760652249033,Auco_4,0.0,Auco_0,0.014156799036131946,Auco_4,0.0,Auco_9,0.02171287248656524,Auco_4,0.0,Auco_4,0.0,Auco_4,0.0,Auco_4,0.0,Auco_4,0.0,Auco_4,0.0,Auco_6,0.009946300921348485,Auco_4,0.0,Auco_14,0.04463253354577947,Auco_4,0.0,Auco_4,0.0,Auco_4,0.0,Auco_4,0.0,Auco_4,0.0,Auco_4,0.0,Auco_4,0.0,Auco_4,0.0,Auco_4,0.0,Auco_4,0.0,Auco_4,0.0,Auco_4,0.0,Auco_14,0.059384090134352606,Auco_14,0.0034099362887904947,Auco_4,0.0,Auco_4,0.0,Auco_4,0.0
13,Auco_12,0.009098424079045504,Auco_19,0.0,Auco_5,0.01371028185041726,Auco_5,0.0,Auco_6,0.017344536632731593,Auco_5,0.0,Auco_5,0.0,Auco_5,0.0,Auco_5,0.0,Auco_5,0.0,Auco_5,0.0,Auco_12,0.00650128554681814,Auco_5,0.0,Auco_8,0.02864636456233457,Auco_5,0.0,Auco_5,0.0,Auco_5,0.0,Auco_5,0.0,Auco_5,0.0,Auco_5,0.0,Auco_5,0.0,Auco_5,0.0,Auco_5,0.0,Auco_5,0.0,Auco_5,0.0,Auco_5,0.0,Auco_9,0.03897280550790095,Auco_7,0.0031879969791348576,Auco_5,0.0,Auco_5,0.0,Auco_5,0.0
14,Auco_10,0.008811031160615223,Auco_6,0.0,Auco_17,0.011200471191196998,Auco_2,0.0,Auco_12,0.014504136314504198,Auco_2,0.0,Auco_2,0.0,Auco_2,0.0,Auco_2,0.0,Auco_2,0.0,Auco_2,0.0,Auco_2,0.006364992868295741,Auco_2,0.0,Auco_9,0.027610381428009145,Auco_2,0.0,Auco_2,0.0,Auco_2,0.0,Auco_2,0.0,Auco_2,0.0,Auco_2,0.0,Auco_2,0.0,Auco_2,0.0,Auco_2,0.0,Auco_2,0.0,Auco_2,0.0,Auco_2,0.0,Auco_13,0.033434815558939984,Auco_1,0.0026915496169401887,Auco_2,0.0,Auco_2,0.0,Auco_2,0.0
15,Auco_4,0.007459144329135645,Auco_7,0.0,Auco_3,0.011106826236690988,Auco_7,0.0,Auco_14,0.014094197700677779,Auco_7,0.0,Auco_7,0.0,Auco_7,0.0,Auco_7,0.0,Auco_7,0.0,Auco_7,0.0,Auco_5,0.005460966030121508,Auco_7,0.0,Auco_7,0.02183503126051636,Auco_7,0.0,Auco_7,0.0,Auco_7,0.0,Auco_7,0.0,Auco_7,0.0,Auco_7,0.0,Auco_7,0.0,Auco_7,0.0,Auco_7,0.0,Auco_7,0.0,Auco_7,0.0,Auco_7,0.0,Auco_6,0.026948516446507937,Auco_13,0.0025171395318499463,Auco_7,0.0,Auco_7,0.0,Auco_7,0.0
16,Auco_7,0.006550609992221372,Auco_8,0.0,Auco_13,0.00985559140282314,Auco_8,0.0,Auco_5,0.011586961154160457,Auco_8,0.0,Auco_8,0.0,Auco_8,0.0,Auco_8,0.0,Auco_8,0.0,Auco_8,0.0,Auco_19,0.0040603119558095205,Auco_8,0.0,Auco_6,0.011782955835311887,Auco_8,0.0,Auco_8,0.0,Auco_8,0.0,Auco_8,0.0,Auco_8,0.0,Auco_8,0.0,Auco_8,0.0,Auco_8,0.0,Auco_8,0.0,Auco_8,0.0,Auco_8,0.0,Auco_8,0.0,Auco_12,0.025331072023151564,Auco_15,0.0023027479953266266,Auco_8,0.0,Auco_8,0.0,Auco_8,0.0
17,Auco_13,0.006500717049976408,Auco_2,0.0,Auco_2,0.008188070276729518,Auco_20,0.0,Auco_11,0.00939495341356893,Auco_20,0.0,Auco_20,0.0,Auco_20,0.0,Auco_20,0.0,Auco_20,0.0,Auco_20,0.0,Auco_1,0.003067478989153521,Auco_20,0.0,Auco_4,0.011237064367463512,Auco_20,0.0,Auco_20,0.0,Auco_20,0.0,Auco_20,0.0,Auco_20,0.0,Auco_20,0.0,Auco_20,0.0,Auco_20,0.0,Auco_20,0.0,Auco_20,0.0,Auco_20,0.0,Auco_20,0.0,Auco_19,0.02519742068265854,Auco_17,0.0014818667897534006,Auco_20,0.0,Auco_20,0.0,Auco_20,0.0
18,Auco_6,0.005207908096333509,Auco_16,0.0,Auco_12,0.007505578223033193,Auco_16,0.0,Auco_13,0.009219591720887151,Auco_16,0.0,Auco_16,0.0,Auco_16,0.0,Auco_16,0.0,Auco_16,0.0,Auco_16,0.0,Auco_21,0.0029194116867312368,Auco_16,0.0,Auco_23,0.010550516011967178,Auco_16,0.0,Auco_16,0.0,Auco_16,0.0,Auco_16,0.0,Auco_16,0.0,Auco_16,0.0,Auco_16,0.0,Auco_16,0.0,Auco_16,0.0,Auco_16,0.0,Auco_16,0.0,Auco_16,0.0,Auco_21,0.011193807382814608,Auco_19,0.0013899592877361952,Auco_16,0.0,Auco_16,0.0,Auco_16,0.0
19,Auco_11,0.0023637706482065118,Auco_18,0.0,Auco_1,0.007147825014972043,Auco_19,0.0,Auco_21,0.008244613376769046,Auco_19,0.0,Auco_19,0.0,Auco_19,0.0,Auco_19,0.0,Auco_19,0.0,Auco_19,0.0,Auco_13,0.0023067094605471955,Auco_19,0.0,Auco_19,0.007527402352122489,Auco_19,0.0,Auco_19,0.0,Auco_19,0.0,Auco_19,0.0,Auco_19,0.0,Auco_19,0.0,Auco_19,0.0,Auco_19,0.0,Auco_19,0.0,Auco_19,0.0,Auco_19,0.0,Auco_19,0.0,Auco_1,0.00972632010278621,Auco_6,0.0011934322315866421,Auco_19,0.0,Auco_19,0.0,Auco_19,0.0
20,Auco_21,0.0022487085169414192,Auco_17,0.0,Auco_19,0.005317369705507483,Auco_18,0.0,Auco_19,0.007409692431949897,Auco_18,0.0,Auco_18,0.0,Auco_18,0.0,Auco_18,0.0,Auco_18,0.0,Auco_18,0.0,Auco_11,0.0016387189156074756,Auco_18,0.0,Auco_1,0.0054886110330737295,Auco_18,0.0,Auco_18,0.0,Auco_18,0.0,Auco_18,0.0,Auco_18,0.0,Auco_18,0.0,Auco_18,0.0,Auco_18,0.0,Auco_18,0.0,Auco_18,0.0,Auco_18,0.0,Auco_18,0.0,Auco_23,0.006384821061120723,Auco_22,0.0007409079278307231,Auco_18,0.0,Auco_18,0.0,Auco_18,0.0
21,Auco_1,0.0015671447270672139,Auco_15,0.0,Auco_14,0.004994737447480856,Auco_17,0.0,Auco_23,0.007240924491572556,Auco_17,0.0,Auco_17,0.0,Auco_17,0.0,Auco_17,0.0,Auco_17,0.0,Auco_17,0.0,Auco_18,0.0012613683960808195,Auco_17,0.0,Auco_11,0.0011117691766176266,Auco_17,0.0,Auco_17,0.0,Auco_17,0.0,Auco_17,0.0,Auco_17,0.0,Auco_17,0.0,Auco_17,0.0,Auco_17,0.0,Auco_17,0.0,Auco_17,0.0,Auco_17,0.0,Auco_17,0.0,Auco_11,0.0026558648142588235,Auco_8,0.0004643699744051173,Auco_17,0.0,Auco_17,0.0,Auco_17,0.0
22,Auco_16,0.0013753998589527395,Auco_14,0.0,Auco_21,0.0022918552455556867,Auco_15,0.0,Auco_18,0.005235893182637069,Auco_15,0.0,Auco_15,0.0,Auco_15,0.0,Auco_15,0.0,Auco_15,0.0,Auco_15,0.0,Auco_23,0.0003808419709023191,Auco_15,0.0,Auco_18,0.00019437012580592348,Auco_15,0.0,Auco_15,0.0,Auco_15,0.0,Auco_15,0.0,Auco_15,0.0,Auco_15,0.0,Auco_15,0.0,Auco_15,0.0,Auco_15,0.0,Auco_15,0.0,Auco_15,0.0,Auco_15,0.0,Auco_18,0.0009479644383364383,Clhe_Gland Cell,0.0,Auco_15,0.0,Auco_15,0.0,Auco_15,0.0
23,Auco_18,6.0768807949340296e-05,Auco_13,0.0,Clhe_Gland Cell,0.0,Auco_14,0.0,Auco_16,0.00397017514446091,Auco_14,0.0,Auco_14,0.0,Auco_14,0.0,Auco_14,0.0,Auco_14,0.0,Auco_14,0.0,Auco_16,0.0002516296328487618,Auco_14,0.0,Auco_16,0.00015817797727603404,Auco_14,0.0,Auco_14,0.0,Auco_14,0.0,Auco_14,0.0,Auco_14,0.0,Auco_14,0.0,Auco_14,0.0,Auco_14,0.0,Auco_14,0.0,Auco_14,0.0,Auco_14,0.0,Auco_14,0.0,Auco_16,0.0002821922944873137,Clhe_Gastroderm,0.0,Auco_14,0.0,Auco_14,0.0,Auco_14,0.0
24,Clhe_Epidermal/Muscle,0.0,Auco_12,0.0,Clhe_Gastroderm,0.0,Auco_13,0.0,Clhe_Epidermal/Muscle,0.0,Auco_13,0.0,Auco_13,0.0,Auco_13,0.0,Auco_13,0.0,Auco_13,0.0,Auco_13,0.0,Clhe_Epidermal/Muscle,0.0,Auco_13,0.0,Clhe_Epidermal/Muscle,0.0,Auco_13,0.0,Auco_13,0.0,Auco_13,0.0,Auco_13,0.0,Auco_13,0.0,Auco_13,0.0,Auco_13,0.0,Auco_13,0.0,Auco_13,0.0,Auco_13,0.0,Auco_13,0.0,Auco_13,0.0,Clhe_Epidermal/Muscle,0.0,Auco_21,0.0,Auco_13,0.0,Auco_13,0.0,Auco_13,0.0
25,Clhe_Stem Cell/Germ Cell,0.0,Auco_11,0.0,Clhe_Stem Cell/Germ Cell,0.0,Auco_12,0.0,Clhe_Stem Cell/Germ Cell,0.0,Auco_12,0.0,Auco_12,0.0,Auco_12,0.0,Auco_12,0.0,Auco_12,0.0,Auco_12,0.0,Clhe_Stem Cell/Germ Cell,0.0,Auco_12,0.0,Clhe_Stem Cell/Germ Cell,0.0,Auco_12,0.0,Auco_12,0.0,Auco_12,0.0,Auco_12,0.0,Auco_12,0.0,Auco_12,0.0,Auco_12,0.0,Auco_12,0.0,Auco_12,0.0,Auco_12,0.0,Auco_12,0.0,Auco_12,0.0,Clhe_Stem Cell/Germ Cell,0.0,Clhe_Nematocyte,0.0,Auco_12,0.0,Auco_12,0.0,Auco_12,0.0
26,Clhe_Neural,0.0,Auco_10,0.0,Auco_23,0.0,Auco_11,0.0,Clhe_Neural,0.0,Auco_11,0.0,Auco_11,0.0,Auco_11,0.0,Auco_11,0.0,Auco_11,0.0,Auco_11,0.0,Clhe_Neural,0.0,Auco_11,0.0,Clhe_Neural,0.0,Auco_11,0.0,Auco_11,0.0,Auco_11,0.0,Auco_11,0.0,Auco_11,0.0,Auco_11,0.0,Auco_11,0.0,Auco_11,0.0,Auco_11,0.0,Auco_11,0.0,Auco_11,0.0,Auco_11,0.0,Clhe_Neural,0.0,Auco_23,0.0,Auco_11,0.0,Auco_11,0.0,Auco_11,0.0
27,Clhe_Nematocyte,0.0,Auco_1,0.0,Clhe_Nematocyte,0.0,Auco_10,0.0,Clhe_Nematocyte,0.0,Auco_10,0.0,Auco_10,0.0,Auco_10,0.0,Auco_10,0.0,Auco_10,0.0,Auco_10,0.0,Clhe_Nematocyte,0.0,Auco_10,0.0,Clhe_Nematocyte,0.0,Auco_10,0.0,Auco_10,0.0,Auco_10,0.0,Auco_10,0.0,Auco_10,0.0,Auco_10,0.0,Auco_10,0.0,Auco_10,0.0,Auco_10,0.0,Auco_10,0.0,Auco_10,0.0,Auco_10,0.0,Clhe_Nematocyte,0.0,Clhe_Neural,0.0,Auco_10,0.0,Auco_10,0.0,Auco_10,0.0
28,Clhe_Gland Cell,0.0,Auco_0,0.0,Clhe_Epidermal/Muscle,0.0,Auco_1,0.0,Clhe_Gland Cell,0.0,Auco_1,0.0,Auco_1,0.0,Auco_1,0.0,Auco_1,0.0,Auco_1,0.0,Auco_1,0.0,Clhe_Gland Cell,0.0,Auco_1,0.0,Clhe_Gland Cell,0.0,Auco_1,0.0,Auco_1,0.0,Auco_1,0.0,Auco_1,0.0,Auco_1,0.0,Auco_1,0.0,Auco_1,0.0,Auco_1,0.0,Auco_1,0.0,Auco_1,0.0,Auco_1,0.0,Auco_1,0.0,Clhe_Gland Cell,0.0,Clhe_Stem Cell/Germ Cell,0.0,Auco_1,0.0,Auco_1,0.0,Auco_1,0.0
29,Clhe_Gastroderm,0.0,Clhe_Nematocyte,0.0,Clhe_Neural,0.0,Auco_0,0.0,Clhe_Gastroderm,0.0,Auco_0,0.0,Auco_0,0.0,Auco_0,0.0,Auco_0,0.0,Auco_0,0.0,Auco_0,0.0,Clhe_Gastroderm,0.0,Auco_0,0.0,Clhe_Gastroderm,0.0,Auco_0,0.0,Auco_0,0.0,Auco_0,0.0,Auco_0,0.0,Auco_0,0.0,Auco_0,0.0,Auco_0,0.0,Auco_0,0.0,Auco_0,0.0,Auco_0,0.0,Auco_0,0.0,Auco_0,0.0,Clhe_Gastroderm,0.0,Clhe_Epidermal/Muscle,0.0,Auco_0,0.0,Auco_0,0.0,Auco_0,0.0
30,Clhe_Bioluminescent Cells,0.0,Auco_9,0.0,Clhe_Bioluminescent Cells,0.0,Auco_9,0.0,Clhe_Bioluminescent Cells,0.0,Auco_9,0.0,Auco_9,0.0,Auco_9,0.0,Auco_9,0.0,Auco_9,0.0,Auco_9,0.0,Clhe_Bioluminescent Cells,0.0,Auco_9,0.0,Clhe_Bioluminescent Cells,0.0,Auco_9,0.0,Auco_9,0.0,Auco_9,0.0,Auco_9,0.0,Auco_9,0.0,Auco_9,0.0,Auco_9,0.0,Auco_9,0.0,Auco_9,0.0,Auco_9,0.0,Auco_9,0.0,Auco_9,0.0,Clhe_Bioluminescent Cells,0.0,Clhe_Bioluminescent Cells,0.0,Auco_9,0.0,Auco_9,0.0,Auco_9,0.0
